SMILES,Tg,Tm
*C*,-54.0,131.0
*CC(*)C,-3.0,164.0
*CC(*)CC,-24.1,115.5
*CC(*)CCC,-37.0,80.0
*CC(*)C(C)C,60.0,306.0
*CC(*)CCCC,-50.0,30.0
*CC(*)CC(C)C,35.2,232.0
*CC(*)CCCCC,-45.5,19.0
*CC(*)CCCCCCC,-47.0,20.5
*CC(*)CCCCCCCC,-35.0,34.0
*CC(*)(C)C,-72.0,5.0
*CCC(*)(C)C,-12.0,68.0
*CCCCCCCC(*)C,-58.0,-5.0
*CC(*)C1CCCC1,75.0,292.0
*CC(*)CC1CCCC1,60.0,217.5
*CC(*)C1CCCCC1,119.7,350.0
*CC(*)CC1CCCCC1,75.0,230.0
*CC(*)Cc1ccccc1,70.0,235.0
*CC(*)CCc1ccccc1,10.0,159.0
*CC(*)CCCCCC,-54.0,20.0
*CC(*)CCCCCCCCCC,-6.0,45.0
*CC(*)CCCCCCCCCCCC,10.0,55.0
*CC(*)CCCCCCCCCCCCCCCC,55.0,68.0
*CC(*)CC(C)(C)C,190.0,335.0
*CC(*)CCC1CCCCC1,40.0,154.0
*/C=C/CCC*,-105.0,-41.0
*/C=C/CC*,-91.0,33.0
*CCC(C)C(*)C,-26.0,135.0
*CC(*)CCCCCCCCCCCCCC,-24.0,65.0
*/C=C/CCCCCC*,-78.0,38.0
*CC(*)C1CCCC(C)C1,141.0,355.0
*CC(*)C1CCC(C)CC1,132.0,250.0
*/C=C/C1CCC(*)C1,31.0,202.0
*/C=C/CCCCCCCCCC*,-53.0,73.0
*CC1(*)CCCCC1,100.0,210.0
*CC/C=C(/*)C(C)(C)C,20.0,106.0
*CC(*)c1ccccc1,99.9,255.0
*CC(*)c1ccccc1C,131.0,360.0
*CC(*)c1ccccc1F,160.5,270.0
*CC(*)c1cccc(C)c1,75.0,215.0
*CC(*)c1cccc(Cl)c1,90.0,158.0
*CC(*)c1cccc(F)c1,86.0,262.5
*CC(*)c1ccc(C)cc1,103.0,205.0
*CC(*)c1ccc(C(C)(C)C)cc1,138.0,137.1
*CC(*)c1ccc(Cl)cc1,124.0,232.0
*CC(*)c1ccc(F)cc1,95.0,265.0
*CC(*)c1ccc(S(=O)(=O)OCCC)cc1,217.0,349.0
*CC(*)c1ccc([Si](C)(C)C)cc1,136.0,284.0
*CC(*)c1ccc(C)cc1C,112.0,310.0
*CC(*)c1cc(C)ccc1C,143.0,330.0
*CC(*)c1cc(C)cc(C)c1,112.0,290.0
*CC(*)c1ccc(C)c(C)c1,111.0,240.0
*CC(*)(C)c1ccc(C(C)C)cc1,140.0,203.0
*CC(*)c1cccc2ccccc12,160.0,360.0
*CC(*)(C)c1ccc(C)cc1,176.0,227.0
*CC(*)c1ccc(C(=O)C(F)(F)F)cc1,95.0,178.0
*CC(*)c1ccc2ccccc2c1,146.5,360.0
*CC(c1ccccn1)C(c1ccccc1)C(*)c1ccccn1,150.0,350.0
*CC(*)O,76.5,226.3
*CC(*)C(C)=O,115.0,170.0
*CC(*)C#N,95.0,311.0
*CC(*)c1ccccn1,105.0,202.0
*CC(*)n1c2ccccc2c2ccccc21,225.0,335.5
*CC(*)C[Si](C)(C)C,114.0,309.0
*CC(*)OC,-25.8,144.0
*CC(*)OCC,-33.0,86.0
*CC(*)OCCCC,-51.0,64.0
*CC(*)OCCCCCCCCCC,-62.0,7.0
*CC(*)OC(C)=O,32.0,41.25
*CC(*)OCC(C)C,-22.0,167.5
*/C=C/C(C)C(*)C(=O)OC,53.0,200.0
*CC(*)CC[Si](C)(C)C,132.0,206.0
*CC(*)OC(C)C,-7.5,191.0
*CC(*)(C)OC,67.0,100.0
*CC(*)OC(=O)C(F)(F)F,55.0,148.0
*C1CC(*)(C#N)C1,220.0,370.0
*CC(*)Cc1cccc(C)c1,40.0,180.0
*CC(*)Cc1ccccc1C,80.0,290.0
*CC(*)Cc1ccc(C)cc1,65.0,240.0
*CC(*)OC(=O)c1ccc(C(C)(C)C)cc1,121.0,327.0
*/C=C/C(C*)OC,-10.5,118.0
*CC(*)C(=O)c1ccccc1,72.75,99.0
*CC(*)NC(=O)OC(C)(C)C,120.0,263.0
*CC(*)OC(=O)c1ccc([Si](C)(C)C)cc1,130.5,340.0
*CC(*)P(=O)(c1ccccc1)c1ccccc1,127.5,155.0
*CC(*)N1CCCC1=O,158.0,119.51
*CC(*)C(=O)O,115.0,131.0
*CC(*)C(=O)OC(C)C,-5.0,169.5
*CC(*)C(=O)OCCCC,-49.0,47.0
*CC(*)C(=O)OCC(C)C,25.0,81.0
*CC(*)C(=O)OC(C)CC,-20.0,130.0
*CC(*)C(=O)OC(C)(C)C,40.0,200.0
*CC(*)C(=O)OCCCCCCCCCCCCCCCCCC,-42.5,50.0
*CC(*)(C)C(=O)OC,108.0,157.0
*CC(*)(C)C(=O)OC(C)(C)C,107.0,165.0
*CC(*)(C)C(=O)OCCCCCCCCCCCC,-47.9,-26.0
*CC(*)(C)C(=O)OCCCCCCCCCCCCCCCCCC,-100.0,38.0
*CC(*)(C)C(=O)OCCO,91.2,106.68
*CC(*)C(N)=O,193.0,285.0
*CC(*)C(=O)NC(C)C,134.62,172.5
*CC(*)C(=O)Oc1ccc(C(=O)OCC)cc1,37.0,151.0
*CC(*)C(=O)Oc1ccc(-c2ccccc2)cc1,110.0,280.0
*CC(*)(C)C(=O)O[Si](C)(C)C,97.5,203.5
*CC(*)C(=O)Oc1ccc(C(=O)O)cc1,125.0,252.0
*CC(*)(C)C(=O)OCCCCn1c2ccccc2c2ccccc21,59.2,121.3
*CC(*)F,41.0,200.0
*CC(*)Cl,80.0,212.0
*CC(*)(F)F,-34.4,170.0
*CC(*)(Cl)Cl,-16.5,200.0
*C(F)C(*)(F)F,31.45,197.6
*C(*)(F)F,120.0,329.0
*C(F)(F)C(*)(F)Cl,52.1,214.0
*CC/C=C(/*)Cl,-20.0,70.0
*C(F)(F)C(*)(F)C(F)(F)F,158.5,155.0
*CCC(F)(F)C(*)(F)F,-108.0,271.0
*CC(F)(F)CC(*)(C(F)(F)F)C(F)(F)F,132.0,327.0
*CCCCCCCCC(Cl)C(*)Cl,-30.0,47.0
*CCCCCCCCCCC(Cl)C(*)Cl,-32.0,40.0
*CCCC(Cl)C(*)Cl,42.0,175.0
*/C=C(\F)C(F)(F)C*,-35.0,79.0
*CCCCCC(Cl)C(*)Cl,-17.0,53.0
*CC/C=C(/*)C,-67.0,35.5
*/C=C/C(C)C*,-35.0,53.0
*CC/C(C)=C(/*)C,4.0,198.0
*C1C=CC(*)CC1,125.5,280.0
*CC(*)C=C,-7.0,140.7
*CO*,-71.0,177.0
*OC(*)C,-19.5,165.0
*OC(*)CCC,-41.0,225.0
*CCO*,-56.0,62.6
*CC(C)O*,-70.2,69.0
*CC(CCl)O*,-23.3,117.0
*CC(CBr)O*,-14.0,112.0
*CC(COC)O*,-62.0,57.0
*CC(C)(C)O*,40.5,158.0
*CC(CCCC)O*,-69.0,71.5
*CC(O*)C(C)(C)C,41.0,144.75
*CC(COCCCC)O*,-79.0,27.0
*CC(CCCCCC)O*,-67.0,86.5
*CC(COCCCCCC)O*,-85.5,44.0
*CC(O*)c1ccccc1,34.0,149.0
*CC(COc1ccccc1)O*,42.0,208.0
*CCCO*,-73.6,34.9
*CC(C)(C)CO*,-50.0,64.0
*CC(CO)(CO)CO*,99.0,295.5
*CC(CCl)(CCl)CO*,6.5,179.0
*CCCCO*,-80.0,37.3
*CCCCCCCCO*,-13.0,79.75
*Oc1ccc(*)cc1,85.0,262.0
*Oc1cccc(*)c1,53.0,59.0
*Oc1c(C)cc(*)cc1C,212.0,258.75
*Oc1c(OC)cc(*)cc1OC,174.1,287.0
*Oc1c(-c2ccccc2)cc(*)cc1-c1ccccc1,220.0,482.5
*CCOCO*,-64.0,58.0
*CCCCOCO*,-84.0,27.0
*CCCCCOCO*,-80.0,37.5
*CCOCCOC(=O)CCCCCCCC(=O)O*,-71.0,-31.0
*CCOCCOC(=O)CCCCCCCCC(=O)O*,-74.5,46.5
*C(=O)OCCOC(=O)c1ccc(*)o1,88.95,211.0
*CCOCCOC(=O)c1cccc(C(=O)O*)c1,16.0,90.0
*CCOC(=O)c1ccc(O*)cc1,84.0,223.0
*Oc1ccc(C(=O)OCCOC(=O)c2ccc(*)cc2)cc1,74.0,134.0
*CCCCOc1ccc(C(=O)OCCOC(=O)c2ccc(O*)cc2)cc1,53.0,252.0
*Oc1ccc(C(=O)OCCCCCOC(=O)c2ccc(*)cc2)cc1,26.0,70.0
*Oc1ccc(C(=O)OCCCCCCOC(=O)c2ccc(*)cc2)cc1,15.0,74.0
*CC(=O)NCCCCCCNC(=O)CO*,10.0,172.0
*CCCNC(=O)CCCCC(=O)NCCCO*,34.0,200.0
*CC(=O)NCCCCCCNC(=O)Cc1ccc(O*)cc1,69.5,180.0
*CC(=O)NCCCCCCNC(=O)CCc1ccc(O*)cc1,72.0,226.0
*CC(=O)NCCCCCCNC(=O)COc1ccc(O*)cc1,67.0,239.0
*CCCNC(=O)c1ccc(C(=O)NCCCO*)cc1,72.0,284.0
*CCCCC(=O)NCc1ccc(CNC(=O)CCCCO*)cc1,70.0,243.0
*CCC(=O)NCc1cc(C)c(CNC(=O)CCO*)cc1C,80.0,248.0
*Oc1ccc(NC(=O)c2cccc(C(=O)Nc3ccc(*)cc3)c2)cc1,264.0,425.0
*Oc1ccc(NC(=O)c2ccc(C(=O)Nc3ccc(*)cc3)cc2)cc1,240.5,516.0
*CCOCCOC(=O)NCCCCCCNC(=O)O*,17.0,135.0
*CCOCCOCCOC(=O)NCCCCCCNC(=O)O*,-6.5,114.0
*CC(=O)OC(=O)COc1ccc(O*)cc1,70.0,158.0
*COc1ccc(C(=O)OC(=O)c2ccc(O*)cc2)cc1,84.0,220.0
*CCOc1ccc(C(=O)OC(=O)c2ccc(O*)cc2)cc1,45.0,225.0
*CCCOc1cccc(C(=O)OC(=O)c2cccc(O*)c2)c1,53.0,197.0
*CCCOc1ccc(C(=O)OC(=O)c2ccc(O*)cc2)cc1,95.0,266.5
*CCCCOc1cccc(C(=O)OC(=O)c2cccc(O*)c2)c1,20.0,199.0
*CCCCOc1ccc(C(=O)OC(=O)c2ccc(O*)cc2)cc1,45.0,204.0
*CCCCCOc1ccc(C(=O)OC(=O)c2ccc(O*)cc2)cc1,53.0,188.0
*CCCCCOc1cccc(C(=O)OC(=O)c2cccc(O*)c2)c1,61.0,176.0
*CCCCCCOc1ccc(C(=O)OC(=O)c2ccc(O*)cc2)cc1,47.0,150.0
*COCOc1ccc(C(=O)OC(=O)c2ccc(O*)cc2)cc1,57.0,192.0
*CCOCCOc1ccc(C(=O)OC(=O)c2ccc(O*)cc2)cc1,41.0,190.0
*CC(=O)OC(=O)COc1ccc(C(C)(C)c2ccc(O*)cc2)cc1,105.0,202.0
*Oc1ccc(Oc2ccc(OC(*)=O)cc2)cc1,118.0,235.0
*c1ccc(-c2ccc3nc(Oc4cc(-c5ccccc5)c5cc(*)ccc5n4)cc(-c4ccccc4)c3c2)cc1,300.0,455.0
*c1ccc(-c2ccc(-c3ccc4nc(Oc5cc(-c6ccccc6)c6cc(*)ccc6n5)cc(-c5ccccc5)c4c3)cc2)cc1,308.0,480.0
*c1ccc(Oc2ccc(-c3ccc4nc(Oc5cc(-c6ccccc6)c6cc(*)ccc6n5)cc(-c5ccccc5)c4c3)cc2)cc1,268.5,448.0
*Oc1ccc(C(C)(C)c2ccc(Oc3ccc(*)nn3)cc2)cc1,180.0,250.0
*Oc1ccc(S(=O)(=O)c2ccc(Oc3ccc(C(C)(C)c4ccc(*)cc4)cc3)cc2)cc1,186.0,244.0
*CCOCCOC(=O)c1ccccc1C(=O)O*,-50.0,10.5
*OC(*)CCCCCC,-116.0,130.0
*CCOCCOC(=O)C(=O)O*,-28.0,10.0
*CCOCCOC(=O)CC(=O)O*,-41.5,-11.0
*CCOCCOC(=O)CCC(=O)O*,-38.2,-9.5
*CCOCCOC(=O)CCCC(=O)O*,-55.0,-12.0
*CCOCCOC(=O)CCCCC(=O)O*,-51.0,-24.0
*CCOCCOC(=O)CCCCCC(=O)O*,-41.5,-26.0
*CCOCCOC(=O)CCCCCCC(=O)O*,-66.0,31.5
*Oc1ccc(Oc2ccc(Oc3ccc(C(=O)c4ccc(*)cc4)cc3)cc2)cc1,150.5,316.0
*CC(CCCCCCCCCC)O*,-41.0,102.5
*CCOCCOCCOc1ccc(/C=C(\C)c2ccc(O*)cc2)cc1,16.0,104.0
*CCOCCOCCOCCOc1ccc(/C=C(\C)c2ccc(O*)cc2)cc1,7.5,48.0
*OC1CCCCC1*,68.5,82.0
*Oc1ccc(C(=O)OCCCOC(=O)c2ccc(*)cc2)cc1,57.0,90.0
*Oc1ccc(C(=O)OCCCCOC(=O)c2ccc(*)cc2)cc1,38.0,88.0
*CCOCCOCCOCCOC(=O)NCCCCCCNC(=O)O*,-17.0,83.0
*CCOCCOCCOCCOCCOCCOC(=O)NCCCCCCNC(=O)O*,-31.0,65.0
*c1ccc(-c2nnc(-c3cccc(-c4nnc(*)o4)c3)o2)cc1,278.0,400.0
*CCCCCCCCc1nc2ccc(-c3ccc4nc(*)oc4c3)cc2o1,223.5,246.0
*Oc1ccc(Oc2ccc(C(=O)c3ccc(*)cc3)cc2)cc1,147.5,275.0
*Oc1ccc(C(C)(C)c2ccc(Oc3ccc(C(=O)c4ccc(*)cc4)cc3)cc2)cc1,155.0,248.0
*Oc1ccc(S(=O)(=O)c2ccc(Oc3ccc(C(c4ccc(*)cc4)(C(F)(F)F)C(F)(F)F)cc3)cc2)cc1,199.7,255.0
*Oc1ccc(S(=O)(=O)c2ccc(-c3ccc(S(=O)(=O)c4ccc(*)cc4)cc3)cc2)cc1,282.0,395.0
*Oc1ccc(Oc2ccc(S(=O)(=O)c3ccc(*)cc3)cc2)cc1,210.0,310.0
*CC(CC)(CC)CO*,-30.0,81.5
*CCOCCOCCOCCOCCOc1ccc(/C=C(\C)c2ccc(O*)cc2)cc1,17.0,40.0
*CCCCCCCOc1ccc(-c2ccc(O*)c3ccccc23)c2ccccc12,129.5,239.0
*CCCCCCOc1ccc(-c2ccc(O*)c3ccccc23)c2ccccc12,109.0,280.0
*CCCCCOc1ccc(-c2ccc(O*)c3ccccc23)c2ccccc12,151.0,196.0
*CCCCOc1ccc(-c2ccc(O*)c3ccccc23)c2ccccc12,130.0,324.0
*CCCOc1ccc(-c2ccc(O*)c3ccccc23)c2ccccc12,182.0,278.0
*CCOCCOCCOC(=O)CCCCC(=O)O*,-49.0,-30.0
*CCOCCOCCOC(=O)c1ccc(-c2ccc(C(=O)O*)cc2)cc1,20.0,100.5
*CCOCCOCCOC(=O)CCCCCC(=O)O*,-44.5,-37.0
*OC(CCl)C(*)CCl,95.0,235.0
*CCOCC(=O)O*,-12.6,105.7
*CCCCCCCC(=O)OCC1(C)COC(*)OC1,-26.0,81.0
*CCCCCCCC(=O)OCCCCC1COC(*)O1,-44.0,23.0
*CC(O)CO*,17.0,140.0
*CCOCCOC(=O)c1ccccc1-c1ccccc1C(=O)O*,17.0,74.5
*CCOCCOC(=O)c1ccc(-c2ccc(C(=O)O*)cc2)cc1,50.0,141.75
*CCOCCOC(=O)c1ccc(C(=O)O*)cc1,21.9,82.1
*Oc1cccc(NC(=O)CCCCC(=O)Nc2ccc(*)cc2)c1,160.0,225.0
*Oc1ccc(NC(=O)CCCCC(=O)Nc2ccc(*)cc2)cc1,230.0,360.0
*Oc1cccc(NC(=O)CCCCCCCC(=O)Nc2ccc(*)cc2)c1,120.0,150.0
*Oc1ccc(NC(=O)CCCCCCCC(=O)Nc2ccc(*)cc2)cc1,160.0,300.0
*Oc1cccc(NC(=O)CCCCCCCCCCC(=O)Nc2ccc(*)cc2)c1,110.0,150.0
*Oc1ccc(NC(=O)CCCCCCCCCCC(=O)Nc2ccc(*)cc2)cc1,150.0,290.0
*Oc1cccc(NC(=O)CCCCCC(=O)Nc2ccc(*)cc2)c1,130.0,170.0
*Oc1ccc(NC(=O)CCCCCC(=O)Nc2ccc(*)cc2)cc1,180.0,315.0
*Oc1cccc(NC(=O)CCCCCCCCC(=O)Nc2ccc(*)cc2)c1,125.0,165.0
*Oc1ccc(NC(=O)CCCCCCCCC(=O)Nc2ccc(*)cc2)cc1,160.0,310.0
*Oc1cccc(NC(=O)CCCCCCC(=O)Nc2ccc(*)cc2)c1,140.0,175.0
*Oc1ccc(NC(=O)CCCCCCC(=O)Nc2ccc(*)cc2)cc1,180.0,310.0
*Oc1cccc(NC(=O)CCCCCCCCCC(=O)Nc2ccc(*)cc2)c1,110.0,140.0
*Oc1ccc(NC(=O)CCCCCCCCCC(=O)Nc2ccc(*)cc2)cc1,150.0,270.0
*Oc1ccc(C(=O)c2cccc(C(=O)c3ccc(*)c(CC)c3)c2)cc1CC,126.0,242.0
*Oc1c(C(C)C)cc(C(=O)c2cccc(C(=O)c3ccc(*)cc3)c2)cc1C(C)C,132.0,185.0
*Oc1ccc(C(=O)c2cccc(C(=O)c3ccc(*)c(C(C)C)c3)c2)cc1CC,136.0,228.0
*Oc1ccc(C(=O)c2cccc(C(=O)c3ccc(*)c(C(C)C)c3)c2)cc1C,147.0,220.0
*Oc1ccc(C(=O)c2ccc(C(=O)c3ccc(*)c(C(C)C)c3)cc2)cc1C,149.0,262.0
*c1ccc(-c2ccc(-c3cc(-c4ccc(Oc5ccc(-c6cc(*)nc7ccccc67)cc5)cc4)c4ccccc4n3)cc2)cc1,326.0,475.0
*c1ccc(-c2ccc(-c3nc4ccccc4c(-c4ccc(Oc5ccc(-c6c(-c7ccccc7)c(*)nc7ccccc67)cc5)cc4)c3-c3ccccc3)cc2)cc1,345.0,500.0
*c1ccc(Oc2ccc(-c3nc4ccc(Oc5ccc6nc(*)c(-c7ccccc7)c(-c7ccccc7)c6c5)cc4c(-c4ccccc4)c3-c3ccccc3)cc2)cc1,305.0,476.0
*c1ccc(-c2nc3ccc(Oc4ccc5nc(*)c(-c6ccccc6)c(-c6ccccc6)c5c4)cc3c(-c3ccccc3)c2-c2ccccc2)cc1,345.0,475.0
*c1ccc(-c2ccc(-c3nc4ccc(Oc5ccc6nc(*)c(-c7ccccc7)c(-c7ccccc7)c6c5)cc4c(-c4ccccc4)c3-c3ccccc3)cc2)cc1,351.0,480.0
*Oc1cccc(C(=O)OCC(F)(F)C(F)(F)C(F)(F)COC(=O)c2cccc(*)c2)c1,20.0,115.0
*Oc1ccc(Oc2ccc(OC(=O)c3cccc(C(*)=O)c3)cc2)cc1,164.5,270.5
*Oc1ccc(Oc2ccc(OC(=O)c3cc(OCCCCC)cc(C(*)=O)c3)cc2)cc1,126.0,278.0
*c1ccc(Oc2ccc(-c3nc4ccc(Oc5ccc6nc(*)c(-c7ccccc7)nc6c5)cc4nc3-c3ccccc3)cc2)cc1,437.0,310.0
*CCCCCCCC(=O)OCCOC(=O)CCCCCCCC1OCC2(COC(*)OC2)CO1,0.0,91.0
*ON(C(F)(F)F)C(F)(Br)C(*)(F)F,3.0,100.1
*CC(CO*)C(C)(C)C,-4.0,62.5
*CC(C)(CC)CO*,-47.0,45.0
*CC(C)(CO)CO*,62.0,169.0
*Oc1ccc(C(=O)c2ccc(C(=O)c3ccc(*)cc3)cc2)cc1,157.0,386.0
*Oc1ccc(Oc2ccc(C(=O)c3cccc(C(=O)c4ccc(*)cc4)c3)cc2)cc1,148.0,280.0
*Oc1ccc(-c2ccc(Oc3ccc(C(=O)c4cccc(C(=O)c5ccc(*)cc5)c4)cc3)cc2)cc1,159.0,309.5
*Oc1ccc(C(=O)c2ccc(Oc3ccc(C(=O)c4cccc(C(=O)c5ccc(*)cc5)c4)cc3)cc2)cc1,152.0,285.0
*Oc1ccc(Oc2ccc(S(=O)(=O)c3ccc(-c4ccc(-c5ccc(S(=O)(=O)c6ccc(*)cc6)cc5)cc4)cc3)cc2)cc1,259.0,393.0
*Oc1ccc(S(=O)(=O)c2ccc(-c3ccc(-c4ccc(S(=O)(=O)c5ccc(Oc6ccc(-c7ccc(*)cc7)cc6)cc5)cc4)cc3)cc2)cc1,264.0,383.0
*Oc1ccc(S(=O)(=O)c2ccc(-c3ccc(-c4ccc(S(=O)(=O)c5ccc(*)cc5)cc4)cc3)cc2)cc1,311.0,398.0
*Oc1ccc(S(=O)(=O)c2ccc(Oc3ccc(-c4ccc(-c5ccc(*)cc5)cc4)cc3)cc2)cc1,251.0,389.0
*Oc1ccc(S(=O)(=O)c2ccc(-c3ccc(S(=O)(=O)c4ccc(Oc5ccc(-c6ccc(-c7ccc(*)cc7)cc6)cc5)cc4)cc3)cc2)cc1,263.0,408.0
*Oc1ccc(-c2ccc(-c3ccc(Oc4ccc(C(=O)c5cccc(C(=O)c6ccc(*)cc6)c5)cc4)cc3)cc2)cc1,174.0,394.0
*Oc1ccc(C(=O)c2cccc(C(=O)c3ccc(*)cc3)c2)cc1,139.0,295.0
*CCCOCCCOC(=O)c1ccc(-c2ccc(C(=O)O*)cc2)cc1,18.5,101.0
*Oc1ccc(Oc2ccc(C(=O)c3ccc(*)cc3)cc2)cc1C,151.0,229.0
*CNC(=O)OCc1ccc(COC(=O)NCc2ccc(C(C)(C)c3ccc(*)o3)o2)o1,55.0,180.0
*CNC(=O)OCC(OC(=O)NCc1ccc(C(C)(C)c2ccc(*)o2)o1)c1ccco1,20.0,170.0
*CNC(=O)OCc1ccc(COCc2ccc(COC(=O)NCc3ccc(C(C)(C)c4ccc(*)o4)o3)o2)o1,39.0,173.0
*COC(=O)Nc1ccc(Cc2ccc(NC(=O)OCc3ccc(*)o3)cc2)cc1,81.0,198.5
*CNC(=O)OCc1cocc1COC(=O)NCc1ccc(C(C)(C)c2ccc(*)o2)o1,25.0,165.0
*COC(=O)NCc1ccc(CNC(=O)OCc2ccc(*)o2)o1,75.0,170.0
*CNC(=O)OCC(OC(=O)NCc1ccc(*)o1)c1ccco1,30.0,160.0
*COC(=O)NCCCCCCNC(=O)OCc1ccc(*)o1,33.0,185.0
*CCCCCCCCCCOc1ccc(OC(=O)c2ccc(OCCOCCOCCOc3ccc(C(=O)Oc4ccc(O*)cc4)cc3)cc2)cc1,64.0,146.5
*c1cccc(N2C(=O)c3ccc(Oc4ccc5cc(Oc6ccc7c(c6)C(=O)N(*)C7=O)ccc5c4)cc3C2=O)c1,230.0,340.0
*Oc1ccc(NC(=O)c2ccc(Oc3ccc(C(=O)Nc4ccc(*)cc4)cc3)cc2)cc1,274.0,468.0
*Oc1ccc(Oc2ccc(NC(=O)c3ccc(Oc4ccc(Oc5ccc(C(=O)Nc6ccc(*)cc6)cc5)cc4)cc3)cc2)cc1,236.0,423.0
*Oc1cccc(Oc2ccc(NC(=O)c3ccc(Oc4cccc(Oc5ccc(C(=O)Nc6ccc(*)cc6)cc5)c4)cc3)cc2)c1,176.5,295.0
*c1cccc(Oc2ccc(-c3ccc(Oc4cccc(-n5c(=O)c6cc7c(=O)n(*)c(=O)c7cc6c5=O)c4)cc3)cc2)c1,251.0,382.9
*CCCCCCOC(=O)Nc1ccc(C)c(NC(=O)OCCCCCCOc2ccc(-c3ccc(O*)cc3)cc2)c1,87.0,157.0
*CCc1ccc(*)o1,25.5,119.0
*OC(=O)c1cccc(C(=O)Oc2ccc3c(c2)Oc2cc(*)ccc2C32OC(=O)c3ccccc32)c1,276.0,335.0
*SC(*)(F)F,-118.0,35.0
*CCS*,-1.5,210.0
*CCSS*,-27.0,128.0
*CC(C)S*,-43.0,53.0
*CCCS*,-53.5,61.0
*CC(C)(C)CS*,-49.3,12.0
*CC(C)(C)S*,-14.0,187.0
*CCCCCSS*,-72.0,44.0
*CCCCCCCCCCSS*,-65.0,60.0
*CCCCCCCCCCSSS*,-70.0,30.0
*CCC(=O)NCCCCCCNC(=O)CCS*,27.0,216.0
*SC1CCCCC1*,-43.0,117.5
*SC1CCCC(*)C1,-52.0,139.0
*Sc1ccc(*)cc1,90.0,256.0
*Cc1ccc(CSS*)cc1,23.0,182.5
*Cc1ccc(CSSSS*)cc1,3.0,96.0
*CCCCC(=O)NCc1ccc(CNC(=O)CCCCS*)cc1,70.0,242.0
*CCCCCCC(=O)NCc1ccc(CNC(=O)CCCCCCS*)cc1,65.0,228.0
*CCCCCCCCCCC(=O)NCCc1ccc(CCNC(=O)CCCCCCCCCCS*)cc1,58.0,207.0
*Oc1ccc(Sc2ccc(OC(*)=O)cc2)cc1,110.0,240.0
*OC(=O)c1ccc(SCCCCSc2ccc(C(*)=O)cc2)cc1,62.0,206.0
*Cc1ccc(CSSS*)cc1,8.0,160.0
*Sc1c(C)cc(*)cc1C,198.0,180.0
*Sc1cccc(Sc2ccc(Sc3ccc(*)cc3)cc2)c1,69.0,198.0
*Oc1ccc(OC(=O)c2cccc(Sc3ccc(OC(=O)c4ccc(C(=O)Oc5ccc(Sc6cccc(C(*)=O)c6)cc5)cc4)cc3)c2)cc1C,106.5,292.35
*CCc1ccc(*)s1,26.0,166.0
*/C(OC)=C(\OC)c1ccc(*)s1,91.0,154.0
*CCOC(=O)CCC(=O)O*,-11.1,103.0
*CCCOC(=O)CCC(=O)O*,-34.7,47.0
*CCCCOC(=O)CCC(=O)O*,-32.0,113.0
*CCCOC(=O)CCCC(=O)O*,-33.0,46.5
*CCOC(=O)CCCCC(=O)O*,-54.5,49.5
*CCCOC(=O)CCCCC(=O)O*,-55.0,36.5
*CCCCCCCCCCOC(=O)CCCCC(=O)O*,-68.0,77.0
*CCCOC(=O)CCCCCCC(=O)O*,-52.5,52.0
*CCCCCCCCCCOC(=O)CCCCCCC(=O)O*,-22.0,77.0
*CCOC(=O)CCCCCCCC(=O)O*,-45.0,47.0
*CCOC(=O)CCCCCCCCC(=O)O*,-23.0,76.0
*CCCCOC(=O)CCCCCCCCC(=O)O*,-57.0,64.39
*CCCCCCOC(=O)CCCCCCCCC(=O)O*,-38.0,68.5
*CCOC(=O)c1ccc(C(=O)O*)cc1,77.0,253.0
*CCOC(=O)c1cccc(C(=O)O*)c1,58.0,141.0
*CCCCOC(=O)c1ccc(C(=O)O*)cc1,48.4,224.1
*CCCCOC(=O)c1cccc(C(=O)O*)c1,19.0,130.0
*CCCCCOC(=O)c1ccc(C(=O)O*)cc1,16.0,134.0
*CCCCCCOC(=O)c1ccc(C(=O)O*)cc1,13.0,154.0
*CCCCCCCCCCOC(=O)c1ccc(C(=O)O*)cc1,10.5,131.0
*CC1CCC(COC(=O)c2ccc(C(=O)O*)cc2)CC1,84.5,289.0
*Oc1c(Cl)cc(C(C)(C)c2cc(Cl)c(OC(=O)CCCCC(*)=O)c(Cl)c2)cc1Cl,100.0,263.0
*Oc1ccc(C(C)(C)c2ccc(OC(=O)c3ccc(C(*)=O)cc3)cc2)cc1,201.0,371.0
*Oc1ccc(Cc2ccc(OC(=O)c3cccc(C(*)=O)c3)cc2)cc1,150.0,348.0
*Oc1ccc(C(C)(C)c2ccc(OC(=O)c3cccc(C(*)=O)c3)cc2)cc1,180.0,282.0
*CCOC(=O)c1ccc2ccc(C(=O)O*)cc2c1,119.0,270.0
*CCOC(=O)c1ccc2cc(C(=O)O*)ccc2c1,120.0,268.1
*CCCCCC(=O)S*,19.0,105.65
*CCCCCCOC(=O)CCC(=O)O*,-50.0,54.0
*CCCCOC(=O)CCCCC(=O)O*,-66.0,55.6
*CCCCCOC(=O)CCCCC(=O)O*,-69.0,40.0
*OC1CCC(OC(=O)CCCCC(*)=O)CC1,77.8,224.8
*CC#CCOC(=O)CCCCCCCCC(=O)O*,-26.5,62.5
*CCOC(=O)c1ccccc1C(=O)O*,96.5,104.0
*Oc1cccc(OC(=O)c2cccc(C(*)=O)c2)c1,147.0,228.0
*c1ccc(OC(=O)c2ccc(C(=O)Oc3ccc(C4(*)OC(=O)c5ccccc54)cc3)cc2)cc1,279.0,370.0
*c1ccc(OC(=O)c2cccc(C(=O)Oc3ccc(C4(*)OC(=O)c5ccccc54)cc3)c2)cc1,282.5,355.0
*CCOC(=O)c1ccc(C(=O)O*)c2ccccc12,64.0,170.0
*CC(=O)O*,45.0,219.0
*CCCC(=O)O*,1.5,64.4
*CCCCC(=O)O*,-66.0,57.9
*CCCCCC(=O)O*,-60.0,59.0
*CCCCCCCCCCC(=O)O*,-46.05,93.0
*CCCCCCCCCCCCC(=O)O*,-36.0,95.5
*CCCCCCCCCCCCCCC(=O)O*,-22.1,95.0
*CCCCCCC(=O)O*,-14.0,81.0
*CCCCCCOC(=O)CCCCC(=O)O*,-69.0,56.5
*CCCCCCCCCCOC(=O)CCCCCCCCCCCCCCCCC(=O)O*,-17.0,92.7
*CCCCCCCCCCCCCCCCOC(=O)CCCCCCC(=O)O*,-26.0,109.0
*CCCOC(=O)c1ccc(C(=O)O*)cc1,52.0,226.0
*CCCCCCCCCCOC(=O)c1cccc(C(=O)O*)c1,-22.5,36.0
*CC(C)C(C)COC(=O)c1ccc(C(=O)O*)cc1,37.5,123.0
*CC(CCCCCCCCCCCCCCCC)C(CCCCCCCCCCCCCCCC)COC(=O)c1ccc(C(=O)O*)cc1,-26.0,14.0
*CCCCCOC(=O)c1cccc(C(=O)O*)c1,7.0,79.0
*CCCCCCOC(=O)c1cccc(C(=O)O*)c1,5.5,112.5
*CC1CCC(COC(=O)CCC(=O)O*)CC1,-1.0,146.0
*CCOC(=O)CCCCCC(=O)O*,-46.0,32.5
*CCCCCCCOC(=O)c1ccc(C(=O)O*)cc1,-1.0,100.0
*CCCCCCOC(=O)C(=O)O*,66.5,72.0
*Oc1ccc(C(*)=O)cc1,161.0,533.0
*OC(C)CC(*)=O,3.4,173.6
*OC(C)C(*)=O,58.4,165.6
*CCC(=O)O*,-24.0,84.0
*CC(CC)(CC)C(=O)O*,60.0,244.25
*CC(C)(C)C(=O)O*,-12.0,234.0
*OC(CC)CC(*)=O,-15.4,115.25
*CC(C)(CC)C(=O)O*,-9.0,134.0
*CC(C)C(=O)O*,-25.0,97.5
*CC(C)(CCC)C(=O)O*,1.9,93.0
*OC(CC(*)=O)C(Cl)(Cl)Cl,163.5,268.0
*CCCCCCCCCOC(=O)c1ccc(C(=O)O*)cc1,35.0,96.5
*CCCCCCCCOC(=O)c1ccc(C(=O)O*)cc1,45.0,132.0
*Oc1ccc(OC(=O)CCCCC(*)=O)cc1,90.0,232.2
*CC1CCC(COC(=O)C2CCC(C(=O)O*)CC2)CC1,77.0,246.0
*CC1CCC(COC(=O)c2cccc(C(=O)O*)c2)CC1,70.0,197.0
*CCCCCCCCCCOC(=O)CCCCCNC(=O)CCCCC(=O)NCCCCCC(=O)O*,-12.0,137.0
*CCCCCCCCCCOC(=O)c1ccc(-c2ccc(C(=O)O*)cc2)cc1,52.0,171.0
*CCCCCCCCCCCCCCCCCCCCOC(=O)CC(=O)O*,-35.1,62.75
*CCOC(=O)C1CCC(C(=O)O*)CC1,25.0,64.0
*CCOC(=O)c1ccc(-c2ccc(C(=O)O*)cc2)cc1,40.0,333.0
*OC(C)COC(=O)c1cccc(C(*)=O)c1,77.0,83.5
*CCCCCCOC(=O)CCCCCNC(=O)CCCCC(=O)NCCCCCC(=O)O*,-7.0,147.0
*CCCCCCOC(=O)c1ccc(-c2ccc(C(=O)O*)cc2)cc1,51.0,210.0
*Oc1cccc(C(*)=O)c1,162.0,193.0
*Oc1ccc(CC(*)=O)cc1,117.0,263.0
*OC(CC(*)=O)C(C)(Cl)Cl,109.0,237.0
*SC(C)C(*)=O,12.0,150.0
*CCC(C)CCC(=O)S*,-50.0,63.0
*Oc1ccc(Cc2ccc(OC(=O)CCCCC(*)=O)cc2)cc1,60.5,140.0
*CCCCCCCCOC(=O)c1ccc(-c2ccc(C(=O)O*)cc2)cc1,47.0,195.0
*CC(F)(F)C(F)(F)C(F)(F)COC(=O)CCCCC(=O)O*,-60.5,34.5
*CCCCCOC(=O)c1ccc(-c2ccc(C(=O)O*)cc2)cc1,47.5,173.0
*Oc1cccc(OC(=O)CCC(*)=O)c1,38.2,260.0
*Oc1ccc(OC(=O)c2ccc(C(*)=O)cc2)cc1,267.0,533.5
*CCCCOC(=O)CCCCCNC(=O)CCCCC(=O)NCCCCCC(=O)O*,-15.0,156.0
*CCCCOC(=O)CCCCCCCC(=O)O*,-62.5,49.0
*CCCCOC(=O)c1ccc(-c2ccc(C(=O)O*)cc2)cc1,70.0,290.0
*CCCCOC(=O)CCCC(=O)O*,-36.5,38.5
*CCCCOC(=O)COCC(=O)O*,-23.0,70.0
*CC(C)(C)COC(=O)CCCCC(=O)O*,-31.55,37.0
*OC(C)CCOC(=O)c1ccc(-c2ccc(C(*)=O)cc2)cc1,92.5,135.0
*CCCOC(=O)c1cccc(C(=O)O*)c1,36.0,127.5
*CC(C)(C)COC(=O)CCC(=O)O*,-18.0,85.0
*Oc1c(C)cc(-c2cc(C)c(OC(=O)CCCCC(*)=O)c(C)c2)cc1C,108.0,315.0
*Oc1ccc(C(C)(C)c2ccc(OC(=O)CCCCC(*)=O)cc2)cc1,54.0,145.0
*Oc1c(-c2ccccc2)cc(Cc2cc(-c3ccccc3)c(OC(=O)CCCCC(*)=O)c(-c3ccccc3)c2)cc1-c1ccccc1,115.0,310.0
*O[Sn](CCCC)(CCCC)OC(=O)CCCCC(*)=O,110.0,236.0
*O[Sn](CCCC)(CCCC)OC(=O)c1ccc(C(*)=O)cc1,315.0,368.0
*CCCCCCCCCCOC(=O)c1ccc2cc(C(=O)O*)ccc2c1,50.5,144.0
*CC(F)(F)C(F)(F)C(F)(F)COC(=O)c1cccc(-c2cccc(C(=O)O*)c2)c1,45.0,145.0
*CC(F)(F)C(F)(F)C(F)(F)COC(=O)c1cccc(C(F)(F)C(F)(F)C(F)(F)C(F)(F)C(F)(F)c2cccc(C(=O)O*)c2)c1,29.0,125.0
*CC(F)(F)C(F)(F)C(F)(F)COC(=O)c1cccc(C(F)(F)C(F)(F)C(F)(F)c2cccc(C(=O)O*)c2)c1,24.0,147.0
*Oc1ccc(-c2ccc(OC(=O)c3cccc(C(*)=O)c3)cc2)cc1,185.5,315.0
*CC(F)(F)C(F)(F)C(F)(F)COC(=O)c1cccc(C(=O)O*)c1,23.5,104.0
*Oc1ccc(C2(c3ccc(OC(=O)c4cccc(C(*)=O)c4)cc3)CCCCC2)cc1,127.0,240.0
*Oc1c(C)cc(-c2cc(C)c(OC(=O)CCCCCCCCC(*)=O)c(C)c2)cc1C,57.0,192.0
*CCCCOC(=O)C1CCC(C(=O)O*)CC1,-10.5,167.0
*CCCCCCOC(=O)c1ccc2cc(C(=O)O*)ccc2c1,64.0,213.0
*CCCCCOC(=O)c1ccc2cc(C(=O)O*)ccc2c1,58.5,135.0
*CCCCOC(=O)c1ccc2cc(C(=O)O*)ccc2c1,66.0,247.0
*CCCOC(=O)c1ccc2cc(C(=O)O*)ccc2c1,88.0,206.0
*Oc1ccc(Cc2ccc(OC(=O)c3cc(OCCCCC)cc(C(*)=O)c3)cc2)cc1,110.0,254.0
*Oc1cccc(C(F)(F)C(F)(F)C(F)(F)c2cccc(OC(=O)c3cccc(C(F)(F)C(F)(F)C(F)(F)c4cccc(C(*)=O)c4)c3)c2)c1,74.0,175.0
*Oc1ccc(C(C)(C)c2ccc(OC(=O)CCCCCCCCC(*)=O)cc2)cc1,14.25,246.5
*Oc1c(C)cc(-c2cc(C)c(OC(=O)CCCCCC(*)=O)c(C)c2)cc1C,96.0,230.0
*Oc1c(C)cc(C(C)(C)c2cc(C)c(OC(=O)CCCCCC(*)=O)c(C)c2)cc1C,84.0,248.0
*Oc1cccc(OC(=O)c2cc(OCCCCC)cc(C(*)=O)c2)c1,96.0,199.0
*c1ccc(OC(=O)c2cccc(C(=O)Oc3ccc(C4(*)NC(=O)c5ccccc54)cc3)c2)cc1,325.0,400.0
*c1ccc(OC(=O)c2ccc(C(=O)Oc3ccc(C4(*)NC(=O)c5ccccc54)cc3)cc2)cc1,327.0,400.0
*c1ccc(OC(=O)c2cc(C(=O)Oc3ccc(C4(*)OC(=O)c5ccccc54)cc3)cc(C(C)(C)C)c2)cc1,279.0,343.0
*c1ccc(OC(=O)c2cc(Cl)cc(C(=O)Oc3ccc(C4(*)OC(=O)c5ccccc54)cc3)c2)cc1,313.0,390.0
*OC1CCC(OC(=O)CCCCCCCCC(*)=O)CC1,66.0,151.2
*OC(C)COC(=O)c1ccccc1C(*)=O,95.0,47.5
*OC(C)COC(=O)c1ccc(C(*)=O)cc1,98.0,108.5
*Oc1ccc(-c2ccc(OC(=O)c3ccc(C(*)=O)cc3)cc2)cc1-c1ccccc1,132.0,296.0
*CCCCCCCOC(=O)c1ccc(-c2ccc(C(=O)O*)cc2)cc1,44.0,165.0
*Oc1ccc(OC(=O)c2ccc([Si](C)(C)c3ccc(C(*)=O)cc3)cc2)cc1,176.0,296.0
*Oc1ccc(OC(=O)c2ccc(C(C)(C)c3ccc(C(*)=O)cc3)cc2)cc1,195.0,378.0
*Oc1cccc(OC(=O)c2ccc([Si](C)(C)c3ccc(C(*)=O)cc3)cc2)c1,134.0,195.0
*Oc1cccc(OC(=O)c2ccc(C(C)(C)c3ccc(C(*)=O)cc3)cc2)c1,158.0,267.0
*C(=O)OCCCCOC(=O)c1ccc(NC(=O)c2ccc(N3C(=O)c4ccc(*)cc4C3=O)cc2)cc1,130.0,310.0
*C(=O)OCCCCCOC(=O)c1ccc(NC(=O)c2ccc(N3C(=O)c4ccc(*)cc4C3=O)cc2)cc1,129.0,272.0
*C(=O)OCCCCCCOC(=O)c1ccc(NC(=O)c2ccc(N3C(=O)c4ccc(*)cc4C3=O)cc2)cc1,107.0,315.0
*C(=O)OCCCCCCCOC(=O)c1ccc(NC(=O)c2ccc(N3C(=O)c4ccc(*)cc4C3=O)cc2)cc1,106.0,193.0
*C(=O)OCCCCCCCCOC(=O)c1ccc(NC(=O)c2ccc(N3C(=O)c4ccc(*)cc4C3=O)cc2)cc1,105.0,281.0
*C(=O)OCCCCCCCCCOC(=O)c1ccc(NC(=O)c2ccc(N3C(=O)c4ccc(*)cc4C3=O)cc2)cc1,100.0,198.0
*C(=O)OCCCCCCCCCCOC(=O)c1ccc(NC(=O)c2ccc(N3C(=O)c4ccc(*)cc4C3=O)cc2)cc1,102.0,236.0
*C(=O)OCCCCCCCCCCCCOC(=O)c1ccc(NC(=O)c2ccc(N3C(=O)c4ccc(*)cc4C3=O)cc2)cc1,74.0,260.0
*c1ccc(OC(=O)c2cccc(C(=O)Oc3ccc(C4(*)OC(=O)c5ccccc54)cc3C)c2)c(C)c1,273.0,295.0
*Oc1ccc(OC(=O)CCCCCCCCC(*)=O)cc1,52.8,174.5
*Oc1ccc(S(=O)(=O)c2ccc(OC(=O)c3cccc(C(*)=O)c3)cc2)cc1,249.0,330.0
*c1ccc(OC(=O)c2cccc(C(=O)Oc3ccc(C4(*)c5ccccc5C(=O)N4C)cc3)c2)cc1,285.0,395.0
*c1ccc(OC(=O)c2ccc(C(=O)Oc3ccc(C4(*)c5ccccc5C(=O)N4C)cc3)cc2)cc1,282.0,400.0
*c1ccc(OC(=O)c2cccc(C(=O)Oc3ccc(C4(*)C(=O)Nc5ccccc54)cc3)c2)cc1,256.0,320.0
*c1ccc(OC(=O)c2cccc(C(=O)Oc3ccc(C4(*)C(=O)Nc5c(Cl)cc(Cl)cc54)cc3)c2)cc1,270.0,400.0
*CCC(=O)N*,145.5,340.0
*CCCCNC(=O)CCCCC(=O)N*,58.0,291.0
*CCCCCNC(=O)CCCCC(=O)N*,46.5,258.0
*CCCCCC(=O)N*,51.6,220.5
*CCCCCCNC(=O)CCCCC(=O)N*,58.2,262.0
*CCCCCCNC(=O)CCCCCC(=O)N*,54.0,226.5
*CCCCCCNC(=O)CCCCCCC(=O)N*,57.0,234.0
*CCCCCCNC(=O)CCCCCCCC(=O)N*,42.3,212.6
*CCCCCCNC(=O)CCCCCCCCC(=O)N*,45.0,222.0
*CCCCCCNC(=O)CCCCCCCCCCC(=O)N*,46.0,217.0
*CCCCCCC(=O)N*,52.0,223.0
*CCCCCCCNC(=O)CCCCC(=O)N*,55.0,246.5
*CCCCCCCNC(=O)CCCCCC(=O)N*,55.0,208.0
*CCCCCCCC(=O)N*,37.0,197.0
*CCCCCCCCNC(=O)CCCCC(=O)N*,50.0,252.0
*CCCCCCCCNC(=O)CCCCCCCCC(=O)N*,54.0,207.5
*CCCCCCCCNC(=O)CCCCCCCCCCC(=O)N*,50.0,201.0
*CCCCCCCCNC(=O)CCCCCCCCCCCCCCCCCCCCC(=O)N*,48.0,175.0
*CCCCCCCCC(=O)N*,48.0,209.0
*CCCCCCCCCNC(=O)CCCCC(=O)N*,68.0,240.0
*CCCCCCCCCC(=O)N*,43.0,181.0
*CCCCCCCCCCNC(=O)CCCCCCCCCCC(=O)N*,49.0,192.0
*CCCCCCCCCCC(=O)N*,46.0,190.0
*CCCCCCCCCCCC(=O)N*,42.0,178.0
*CCCCCCCCCCCCNC(=O)CCCCCCCCCCCCCCCCC(=O)N*,46.5,169.5
*CCCCCCCCCCCCC(=O)N*,41.0,183.0
*CCCCCCCCCCCCCCNC(=O)CCCCCCCCCCCCCCCCC(=O)N*,48.0,158.0
*CCCCCCCCCCCCCCCCCCNC(=O)CCCCCCCCCCCCCCCCC(=O)N*,50.0,158.0
*NC1CCC(CC2CCC(NC(=O)CCCCC(*)=O)CC2)CC1,185.0,385.0
*CCCCCCCCCCNC(=O)CCCCC(=O)N*,45.0,237.0
*CCCCCCCCCCNC(=O)CCCCCCCCC(=O)N*,60.0,201.0
*Cc1cc(C)c(CNC(=O)CCCCC(=O)N*)cc1C,70.0,283.0
*CCCCCCNC(=O)c1cc(C(=O)N*)cc(C(C)(C)C)c1,163.0,250.0
*CC1CCC(CNC(=O)c2cc(C(=O)N*)cc(C(C)(C)C)c2)CC1,236.0,316.0
*Cc1cccc(CNC(=O)c2cc(C(=O)N*)cc(C(C)(C)C)c2)c1,192.0,264.0
*Cc1ccc(CNC(=O)c2cc(C(=O)N*)cc(C(C)(C)C)c2)cc1,204.0,292.0
*CC(C)CCC(C)CNC(=O)c1cc(C(=O)N*)cc(C(C)(C)C)c1,149.0,283.0
*CCC(C)C(C)CCNC(=O)c1cc(C(=O)N*)cc(C(C)(C)C)c1,173.0,273.0
*CCCCCCNC(=O)Cc1ccc(C(=O)N*)cc1,104.0,227.0
*NC1CCC(CC2CCC(NC(=O)CCCCCCCCCCC(*)=O)CC2)CC1,142.0,280.0
*NC1CCC(CC2CCC(NC(=O)CCCCCCCCC(*)=O)CC2)CC1,144.0,310.0
*CCc1ccc(CCNC(=O)CCCCCCCCCCCCCCCCC(=O)N*)cc1,75.0,248.0
*CCc1ccc(CCNC(=O)CCCCCCCCCCCCC(=O)N*)cc1,93.0,267.0
*CCc1ccc(CCNC(=O)CCCCCCCCCC(=O)N*)cc1,96.0,275.0
*CCc1ccc(CCNC(=O)CCCCCCCCC(=O)N*)cc1,105.0,300.0
*CCCCCCNC(=O)c1cccc(C(=O)N*)c1,120.0,205.0
*CCCCCCCCNC(=O)c1cccc(C(=O)N*)c1,110.0,215.0
*CC1CCC(CNC(=O)c2cccc(C(=O)N*)c2)CC1,208.0,310.0
*Nc1ccc(Cc2ccc(NC(=O)c3cccc(C(*)=O)c3)cc2)cc1,265.0,416.0
*CCCCCCCCCCNC(=O)/C=C(\C)C(=O)N*,74.0,166.0
*CCCCCCNC(=O)CCC(C)CC(=O)N*,17.0,230.0
*Cc1cc(CNC(=O)CCCCC(=O)N*)cc(C(C)(C)C)c1,109.0,193.0
*Cc1cc(CNC(=O)c2cccc(C(=O)N*)c2)cc(C(C)(C)C)c1,188.0,281.0
*CC1CCCC(CNC(=O)c2cc(C(=O)N*)cc(C(C)(C)C)c2)C1,200.0,300.0
*CCCCCNC(=O)Cc1ccc(C(=O)N*)cc1,103.0,216.0
*CCCCNC(=O)Cc1ccc(C(=O)N*)cc1,84.0,221.0
*CCCNC(=O)Cc1ccc(C(=O)N*)cc1,109.0,281.0
*CCCCCCCCNC(=O)Cc1ccc(CC(=O)N*)cc1,110.0,280.0
*CCCCCCNC(=O)CCP(=O)(CCC(=O)N*)c1ccccc1,29.0,60.0
*CCCCCNC(=O)c1ccc(C(=O)N*)cc1,177.0,353.5
*Cc1cccc(CNC(=O)CCCCC(=O)N*)c1,84.0,236.0
*Cc1ccc(CNC(=O)CCCCCCCCCCC(=O)N*)cc1,105.0,270.0
*Cc1ccc(CNC(=O)CCCCCCCCCCCCCCCCC(=O)N*)cc1,75.0,242.0
*Cc1ccc(CNC(=O)CCCCCCCCCCCCCC(=O)N*)cc1,90.0,241.0
*Cc1ccc(CNC(=O)CCCCCCCCC(=O)N*)cc1,115.0,295.5
*Cc1ccc(CNC(=O)CCCCCCCCCCCC(=O)N*)cc1,100.0,247.0
*Cc1ccc(CNC(=O)CCCCCCCCCC(=O)N*)cc1,110.0,264.0
*CCCCCCCCCCCCCCCCCCNC(=O)Cc1ccc(CC(=O)N*)cc1,78.0,225.0
*CCCCCCCCCCCCNC(=O)CCc1ccc(CCC(=O)N*)cc1,85.0,263.0
*CCCCCCCCCCCCCCCCCCNC(=O)CCc1ccc(CCC(=O)N*)cc1,65.0,232.0
*Nc1cccc(NC(=O)c2cccc(C(*)=O)c2)c1,275.0,435.0
*Nc1ccc(NC(=O)c2cccc(C(*)=O)c2)cc1,295.0,500.0
*Nc1cccc(NC(=O)CCCCCCCCC(*)=O)c1,110.0,206.0
*Nc1cccc(NC(=O)c2ccc(C(*)=O)cc2)c1,238.0,500.0
*Nc1ccc(NC(=O)c2ccc(C(*)=O)cc2)cc1,295.0,600.0
*CCCC(CCNC(=O)c1ccc(C(=O)N*)cc1)C(C)C,150.0,217.0
*CCCCCCCCCCCCNC(=O)c1ccc(C(=O)N*)cc1,130.0,298.5
*CCCCCCCNC(=O)c1ccc(C(=O)N*)cc1,160.0,341.0
*CCCCCCNC(=O)c1ccc(C(=O)N*)cc1,132.5,371.0
*CCCCCCCCCNC(=O)c1ccc(C(=O)N*)cc1,115.0,371.0
*Cc1cc(C)c(CNC(=O)c2ccc(C(=O)N*)cc2)cc1C,225.0,400.0
*CCC(C)CC(C)(C)CNC(=O)c1ccc(C(=O)N*)cc1,147.0,227.0
*Nc1ccc(Cc2ccc(NC(=O)c3ccc(C(*)=O)cc3)cc2)cc1,294.5,500.0
*CCCC(CC)CCNC(=O)c1ccc(C(=O)N*)cc1,135.0,180.0
*c1ccc(NC(=O)CCCCC(=O)Nc2ccc(S(*)(=O)=O)cc2)cc1,194.0,202.0
*c1ccc(NC(=O)CCCCCCCC(=O)Nc2ccc(S(*)(=O)=O)cc2)cc1,178.0,215.0
*c1ccc(NC(=O)CCCCCCCCCCC(=O)Nc2ccc(S(*)(=O)=O)cc2)cc1,160.0,182.0
*c1ccc(NC(=O)CCCCCC(=O)Nc2ccc(S(*)(=O)=O)cc2)cc1,163.0,217.0
*c1ccc(NC(=O)CCCCCCCCC(=O)Nc2ccc(S(*)(=O)=O)cc2)cc1,72.34,203.0
*C(=O)CCCCCCCCC(=O)N1CCN(*)CC1,82.0,180.0
*CCCCCCCCCCC(=O)NCCCCCC(=O)N*,25.5,184.0
*NC(C)CC(*)=O,125.0,335.0
*CCCC(=O)N*,62.8,265.0
*CCNC(=O)CCCCC(=O)N*,71.0,265.0
*CCCCCNC(=O)CC(=O)N*,65.0,248.0
*CCCCCCNC(=O)CCCCCCCCCCCCCCCCC(=O)N*,47.0,195.5
*CCCCCCCCNC(=O)CCCCCCCCCCCCCCCCC(=O)N*,36.0,181.5
*CCCCCCCCCCNC(=O)CCCCCCCCCCCCCCCCC(=O)N*,46.0,176.0
*CCCCCCCCCCCNC(=O)CCCCCCCCC(=O)N*,40.0,182.0
*CCCNC(=O)c1ccc(C(=O)N*)cc1,180.0,399.0
*CCCCCCNC(=O)Cc1ccc(CC(=O)N*)cc1,95.0,300.0
*CCCCCCNC(=O)CCc1ccc(CCC(=O)N*)cc1,85.0,299.0
*CCCCCCCCNC(=O)c1ccc(C(=O)N*)cc1,123.0,335.0
*CCCCCCCCCCNC(=O)c1ccc(Cc2ccc(C(=O)N*)cc2)cc1,140.0,256.0
*CCCCCCCCCCCCCCNC(=O)CCc1ccc(CCC(=O)N*)cc1,85.0,258.0
*CC1CCC(CNC(=O)CCCCC(=O)N*)CC1,113.0,343.5
*CC1CCC(CNC(=O)CCCCCCCCC(=O)N*)CC1,89.0,292.5
*CC1CCC(CNC(=O)CCCCCCCCCCC(=O)N*)CC1,85.0,280.0
*NC1CCC(CCC2CCC(NC(=O)CCCCCCCCC(*)=O)CC2)CC1,116.0,331.0
*NC1CCC(CCC2CCC(NC(=O)CCCCCCCCCCC(*)=O)CC2)CC1,105.0,293.0
*Nc1cccc(NC(=O)CCCCC(*)=O)c1,114.25,250.0
*Nc1ccc(NC(=O)CCCCC(*)=O)cc1,133.0,400.0
*Nc1cccc(NC(=O)CCCCCCC(*)=O)c1,115.5,302.0
*Nc1ccc(NC(=O)CCCCCCC(*)=O)cc1,138.0,374.0
*Nc1ccc(Cc2ccc(NC(=O)CCCCCCCC(*)=O)cc2)cc1,140.0,268.0
*Nc1ccc(NC(=O)CCCCCCCCC(*)=O)cc1,125.0,334.0
*Nc1ccc(Cc2ccc(NC(=O)CCCCCCCCC(*)=O)cc2)cc1,160.0,270.0
*CCCCCCCCCCC(=O)N(*)C,-12.0,80.0
*CCCCCCCCCCCC(=O)N(*)C,-29.0,52.8
*NC(CCC(=O)OCc1ccccc1)C(*)=O,17.0,302.39
*C(=O)NCCCCCCNC(=O)c1ccc(*)nc1,80.0,272.0
*CCCCCCNC(=O)C(=O)N*,250.0,332.0
*Nc1ccc(CC(C)(C)NC(=O)CCC(*)=O)cc1,158.0,250.0
*Nc1ccc(CC(C)(C)NC(=O)CCCCC(*)=O)cc1,130.0,235.0
*Nc1ccc(CC(C)(C)NC(=O)CCCCCCCCC(*)=O)cc1,92.0,205.0
*Nc1ccc(CC(C)(C)NC(=O)c2ccc(C(*)=O)cc2)cc1,175.0,360.0
*CC(C)C(=O)N*,96.0,297.0
*C(=O)NC1CCCC(*)O1,145.0,295.0
*CC1CCCC(CNC(=O)CCCCC(=O)N*)C1,107.0,240.0
*NC1CCC(CC2CCC(NC(=O)CCCCCCCCCCCCC(*)=O)CC2)CC1,131.0,246.0
*CCCCCCCCCCNC(=O)CCP(C)(=O)CCC(=O)N*,45.5,173.0
*CCCCCCCCCCCCNC(=O)CCP(C)(=O)CCC(=O)N*,44.0,179.0
*CCCCCCNC(=O)CCc1ccc(CC(=O)N*)cc1,87.0,204.0
*CCCCCCNC(=O)CC(C)(C)c1ccc(C(C)(C)CC(=O)N*)cc1,91.0,193.0
*CCCCCCNC(=O)CC(C)c1ccc(C(C)CC(=O)N*)cc1,88.0,196.0
*Nc1ccc(C(C)(C)c2ccc(NC(=O)c3cccc(C(*)=O)c3)cc2)cc1,279.0,424.0
*Nc1ccc(NC(=O)CCCCCCCC(*)=O)cc1,130.0,346.5
*Nc1ccc(NC(=O)CCCC(*)=O)cc1,135.0,404.0
*CCCCNC(=O)c1cccc(C(=O)N*)c1,141.0,253.5
*CCCCCCNC(=O)c1c(Cl)c(Cl)c(C(=O)N*)c(Cl)c1Cl,282.0,362.0
*CCCCCCCCc1nc2cc(NC(=O)CCCCC(=O)Nc3ccc4oc(*)nc4c3)ccc2o1,92.0,234.0
*CCCCCCc1nc2cc(NC(=O)CCCCCCCCC(=O)Nc3ccc4oc(*)nc4c3)ccc2o1,86.0,175.0
*CCCCCCCCc1nc2cc(NC(=O)CCCCCCCCC(=O)Nc3ccc4oc(*)nc4c3)ccc2o1,93.0,184.5
*CCCCCCc1nc2cc(NC(=O)CCCCCCC(=O)Nc3ccc4oc(*)nc4c3)ccc2o1,77.0,230.0
*Nc1ccc(NC(=O)CCCCCC(*)=O)cc1,133.0,372.5
*Nc1ccc(CCNC(=O)CCCCC(*)=O)cc1,115.0,312.0
*CCCCCCNC(=O)CCCCC(=O)NCC(=O)N*,53.4,232.6
*CCN(C)C(=O)CCCCCCCCC(=O)N(*)C,0.0,75.0
*CCCCCCNC(=O)c1ccc(C2(C)CC(C)(C)c3ccc(C(=O)N*)cc32)cc1,190.0,221.0
*CCOC(=O)NCCCCCCNC(=O)O*,56.0,170.0
*CCOC(=O)NCCCCCCCCCNC(=O)O*,44.0,168.0
*CCOC(=O)NCCCCCCCCCCNC(=O)O*,60.8,174.0
*CCCOC(=O)NCCCCCCNC(=O)O*,55.0,168.0
*CCCCOC(=O)NCCCCCCNC(=O)O*,33.5,180.0
*CCCCOC(=O)NCC(F)(F)C(F)(F)C(F)(F)C(F)(F)CNC(=O)O*,33.0,140.0
*CCCCCOC(=O)NCCCCCCNC(=O)O*,33.0,159.0
*CCCCCOC(=O)NCC(F)(F)C(F)(F)C(F)(F)C(F)(F)CNC(=O)O*,33.0,151.0
*CCCCCCOC(=O)NCC(F)(F)C(F)(F)C(F)(F)C(F)(F)CNC(=O)O*,5.0,184.0
*CCCCCCOC(=O)NCCCCCCNC(=O)O*,168.0,170.5
*CCCCCCCOC(=O)NCCCCCCNC(=O)O*,55.0,148.5
*CCCCCCCCOC(=O)NCCCCCCNC(=O)O*,58.0,162.0
*CCCCCCCCCOC(=O)NCCCCCCNC(=O)O*,58.0,150.5
*CCCCCCCCCCOC(=O)NCCCCCCNC(=O)O*,55.0,161.0
*CCCCCCCCCCCCOC(=O)NCCCCCCNC(=O)O*,36.0,139.0
*CCCCCCCCCCCCOC(=O)NCCCCCCCCCCNC(=O)O*,34.0,133.0
*CCCCCCCCCCCCCCCCOC(=O)NCCCCCCNC(=O)O*,39.0,134.0
*CCCCCCCCCCCCCCCCOC(=O)NCCCCCCCCCCNC(=O)O*,34.0,128.0
*CC#CCOC(=O)NCCCCCCNC(=O)O*,-45.0,150.0
*CC(F)(F)C(F)(F)COC(=O)NCCCCCCNC(=O)O*,9.0,154.0
*CC(F)(F)C(F)(F)COC(=O)NCC(F)(F)C(F)(F)C(F)(F)C(F)(F)CNC(=O)O*,38.0,180.0
*CC(F)(F)C(F)(F)C(F)(F)COC(=O)NCCCCCCNC(=O)O*,16.0,116.0
*CC(F)(F)C(F)(F)C(F)(F)COC(=O)NCC(F)(F)C(F)(F)C(F)(F)C(F)(F)CNC(=O)O*,25.0,156.0
*CC(F)(F)C(F)(F)C(F)(F)C(F)(F)COC(=O)NCCCCCCNC(=O)O*,-2.0,126.0
*CC(F)(F)C(F)(F)C(F)(F)C(F)(F)COC(=O)NCC(F)(F)C(F)(F)C(F)(F)C(F)(F)CNC(=O)O*,20.0,150.0
*CCOC(=O)Nc1cc(NC(=O)O*)ccc1C,52.0,187.5
*CCCCCCOC(=O)NCc1ccc(CNC(=O)O*)cc1,56.0,209.0
*CCCCCCCCCCOC(=O)NCc1ccc(CNC(=O)O*)cc1,49.0,184.0
*CCCCCCCCCCCCOC(=O)NCc1ccc(CNC(=O)O*)cc1,45.0,178.0
*CCCCCCCCCCCCCCCCOC(=O)NCc1ccc(CNC(=O)O*)cc1,47.0,168.0
*CCOC(=O)Nc1ccc(Cc2ccc(NC(=O)O*)cc2)cc1,139.0,255.0
*CCCOC(=O)Nc1ccc(Cc2ccc(NC(=O)O*)cc2)cc1,119.0,234.0
*CCCCOC(=O)Nc1ccc(Cc2ccc(NC(=O)O*)cc2)cc1,109.0,236.0
*CCCCCOC(=O)Nc1ccc(Cc2ccc(NC(=O)O*)cc2)cc1,95.0,190.5
*CC(C)(C)COC(=O)Nc1ccc(Cc2ccc(NC(=O)O*)cc2)cc1,94.0,240.0
*CCCCCCOC(=O)Nc1ccc(Cc2ccc(NC(=O)O*)cc2)cc1,71.0,200.0
*CCCCCCCOC(=O)Nc1ccc(Cc2ccc(NC(=O)O*)cc2)cc1,84.0,194.5
*CCCCCCCCOC(=O)Nc1ccc(Cc2ccc(NC(=O)O*)cc2)cc1,79.0,201.0
*CCCCCCCCCOC(=O)Nc1ccc(Cc2ccc(NC(=O)O*)cc2)cc1,72.0,192.0
*CCCCCCCCCCOC(=O)Nc1ccc(Cc2ccc(NC(=O)O*)cc2)cc1,60.0,193.0
*CCCCCCCCCCCCOC(=O)Nc1ccc(Cc2ccc(NC(=O)O*)cc2)cc1,43.0,164.0
*CCCCCCCCCCCCCCCCOC(=O)Nc1ccc(Cc2ccc(NC(=O)O*)cc2)cc1,40.0,152.0
*Cc1cc(COC(=O)Nc2ccc(Cc3ccc(NC(=O)O*)cc3)cc2)cc(C(C)(C)C)c1,114.0,114.0
*CCOC(=O)Nc1ccc(CCc2ccc(NC(=O)O*)cc2)cc1,116.9,312.0
*CCOC(=O)Nc1ccc(CCCc2ccc(NC(=O)O*)cc2)cc1,74.1,207.0
*CCOC(=O)Nc1ccc(CCCCc2ccc(NC(=O)O*)cc2)cc1,105.7,274.0
*C/C=C/COC(=O)NCCCCCCNC(=O)O*,-39.0,136.0
*C(=O)OCCOC(=O)N1CCN(*)CC1,60.0,244.0
*C(=O)OCC(C)(C)COC(=O)N1CCN(*)CC1,70.0,225.0
*CC(C)(C)COC(=O)Nc1ccc(C)c(NC(=O)O*)c1,-32.0,210.0
*CC1CCC(COC(=O)Nc2ccc(Cc3ccc(NC(=O)O*)cc3)cc2)CC1,134.0,227.0
*CCCCCCOC(=O)NCCCCNC(=O)O*,16.0,195.0
*CCCCCCCCCCCCCNC(=O)CCCCCCCCCCCC(=O)N*,56.5,172.75
*OC(COC(=O)Nc1ccc(Cc2ccc(NC(*)=O)cc2)cc1)c1ccco1,40.0,185.0
*OC(c1ccco1)C(OC(=O)Nc1ccc(Cc2ccc(NC(*)=O)cc2)cc1)c1ccco1,74.0,168.0
*COC(=O)Nc1ccc(Cc2ccc(NC(=O)OCc3cocc3*)cc2)cc1,45.0,175.0
*OC(COC(=O)NCCCCCCNC(*)=O)c1ccco1,17.0,175.0
*CCCCCCCNC(=O)N*,62.0,261.5
*CCCCCCCCCCCCNC(=O)NCCCCCCNC(=O)N*,49.0,239.5
*CCCCCCCCCCCCCCNC(=O)NCCCCCCNC(=O)N*,47.0,198.0
*CCCCCCCCCCCCCCNC(=O)NCCCCCCCCCCNC(=O)N*,40.0,180.0
*CCCCCCNC(=O)NCc1ccc(CNC(=O)N*)cc1,72.0,306.0
*CCCCCCCCNC(=O)NCc1ccc(CNC(=O)N*)cc1,68.0,278.0
*CCCCCCCCCCNC(=O)NCc1ccc(CNC(=O)N*)cc1,55.0,260.0
*CCCCCCCCCCCCCCNC(=O)NCc1ccc(CNC(=O)N*)cc1,54.0,248.0
*CCCCCCCCCCCCCCCCCCNC(=O)NCc1ccc(CNC(=O)N*)cc1,52.0,226.0
*Nc1ccc(Cc2ccc(NC(=O)NCCCCCCNC(*)=O)cc2)cc1,78.0,274.0
*Nc1ccc(Cc2ccc(NC(=O)NCCCCCCCCNC(*)=O)cc2)cc1,50.0,263.0
*Nc1ccc(Cc2ccc(NC(=O)NCCCCCCCCCCNC(*)=O)cc2)cc1,46.0,246.0
*Nc1ccc(Cc2ccc(NC(=O)NCCCCCCCCCCCCNC(*)=O)cc2)cc1,51.0,240.0
*Nc1ccc(Cc2ccc(NC(=O)NCCCCCCCCCCCCCCCCCCNC(*)=O)cc2)cc1,48.0,225.0
*CCCC1CC(=O)N(*)C(=O)C1,90.0,281.0
*CCCC(C)(C)CCCn1c(=O)c2cc3c(=O)n(*)c(=O)c3cc2c1=O,135.0,320.0
*CCCCCCCCCn1c(=O)c2cc3c(=O)n(*)c(=O)c3cc2c1=O,110.0,326.5
*c1ccc(Oc2ccc(N3C(=O)c4ccc(Oc5ccc6c(c5)C(=O)N(*)C6=O)cc4C3=O)cc2)cc1,265.0,427.0
*c1ccc2c(c1)C(=O)N(c1cccc(C(F)(F)C(F)(F)C(F)(F)c3cccc(N4C(=O)c5ccc(C(F)(F)C(F)(F)C(*)(F)F)cc5C4=O)c3)c1)C2=O,157.0,280.0
*c1ccc(Oc2ccc(C(=O)c3cccc(C(=O)c4ccc(Oc5ccc(-n6c(=O)c7cc8c(=O)n(*)c(=O)c8cc7c6=O)cc5)cc4)c3)cc2)cc1,247.0,442.0
*c1ccc(Oc2ccc(-c3ccc(Oc4ccc(-n5c(=O)c6cc7c(=O)n(*)c(=O)c7cc6c5=O)cc4)cc3)cc2)cc1,300.0,450.0
*c1ccc(Oc2ccc(C(c3ccc(Oc4ccc(-n5c(=O)c6cc7c(=O)n(*)c(=O)c7cc6c5=O)cc4)cc3)(C(F)(F)F)C(F)(F)F)cc2)cc1,310.0,400.0
*c1ccc(Oc2ccc(N3C(=O)c4ccc(-c5ccc6c(c5)C(=O)N(*)C6=O)cc4C3=O)cc2)cc1,279.0,450.0
*c1ccc(Oc2ccc(C(=O)c3ccc(C(=O)c4ccc(Oc5ccc(N6C(=O)c7ccc(-c8ccc9c(c8)C(=O)N(*)C9=O)cc7C6=O)cc5)cc4)cc3)cc2)cc1,245.0,414.0
*CCCCCCN1C(=O)c2ccc(Oc3ccc4c(c3)C(=O)N(*)C4=O)cc2C1=O,164.0,234.0
*CCCCCCCCN1C(=O)c2ccc(Oc3ccc4c(c3)C(=O)N(*)C4=O)cc2C1=O,145.0,211.0
*c1ccc(Oc2cccc(N3C(=O)c4ccc(Oc5ccc6c(c5)C(=O)N(*)C6=O)cc4C3=O)c2)cc1,245.0,315.0
*c1ccc(Oc2ccc(Oc3ccc(N4C(=O)c5ccc(Oc6ccc7c(c6)C(=O)N(*)C7=O)cc5C4=O)cc3)cc2)cc1,238.0,421.0
*C(=O)c1ccc2c(c1)C(=O)N(c1cccc(C(=O)c3cccc(N4C(=O)c5ccc(*)cc5C4=O)c3)c1)C2=O,242.0,340.0
*C(=O)c1ccc2c(c1)C(=O)N(c1ccc(Oc3ccc(C(=O)c4cccc(C(=O)c5ccc(Oc6ccc(N7C(=O)c8ccc(*)cc8C7=O)cc6)cc5)c4)cc3)cc1)C2=O,222.0,367.9
*C(=O)c1ccc2c(c1)C(=O)N(c1ccc(Oc3ccc(C(=O)c4ccc(C(=O)c5ccc(Oc6ccc(N7C(=O)c8ccc(*)cc8C7=O)cc6)cc5)cc4)cc3)cc1)C2=O,233.0,427.0
*C(=O)c1ccc2c(c1)C(=O)N(c1ccc(Oc3ccc(C(=O)c4ccc(C(=O)c5ccc(C(=O)c6ccc(Oc7ccc(N8C(=O)c9ccc(*)cc9C8=O)cc7)cc6)cc5)cc4)cc3)cc1)C2=O,233.0,422.0
*C(=O)c1ccc2c(c1)C(=O)N(c1ccc(Oc3ccc(C(=O)c4ccc(Oc5ccc(C(=O)c6ccc(Oc7ccc(N8C(=O)c9ccc(*)cc9C8=O)cc7)cc6)cc5)cc4)cc3)cc1)C2=O,215.0,418.0
*C(=O)c1ccc2c(c1)C(=O)N(c1cccc(OCCOCCOc3cccc(N4C(=O)c5ccc(*)cc5C4=O)c3)c1)C2=O,155.0,243.0
*C(=O)c1ccc2c(c1)C(=O)N(c1ccc(OCCOc3ccc(N4C(=O)c5ccc(*)cc5C4=O)cc3)cc1)C2=O,246.0,465.0
*C(=O)c1ccc2c(c1)C(=O)N(c1ccc(OCCOCCOc3ccc(N4C(=O)c5ccc(*)cc5C4=O)cc3)cc1)C2=O,235.0,406.0
*C(=O)c1ccc2c(c1)C(=O)N(c1ccc(OCCOCCOCCOc3ccc(N4C(=O)c5ccc(*)cc5C4=O)cc3)cc1)C2=O,200.0,400.0
*C(=O)c1ccc2c(c1)C(=O)N(c1cccc(OCCOc3cccc(N4C(=O)c5ccc(*)cc5C4=O)c3)c1)C2=O,191.0,290.0
*c1ccc(Oc2cccc(Oc3ccc(N4C(=O)c5ccc(Oc6ccc(-c7ccc(Oc8ccc9c(c8)C(=O)N(*)C9=O)cc7)cc6)cc5C4=O)cc3)c2)cc1,205.0,343.0
*c1cccc(N2C(=O)c3ccc(Oc4ccc(C(C)(C)c5ccc(Oc6ccc7c(c6)C(=O)N(*)C7=O)cc5)cc4)cc3C2=O)c1,217.5,195.4
*c1ccc(Oc2cccc(Oc3ccc(N4C(=O)c5ccc(Oc6ccc(Oc7ccc8c(c7)C(=O)N(*)C8=O)cc6)cc5C4=O)cc3)c2)cc1,199.0,330.0
*c1ccc(Cc2ccc(N3C(=O)CC(Nc4ccc(Cc5ccc(NC6CC(=O)N(*)C6=O)cc5)cc4)C3=O)cc2)cc1,239.0,295.0
*c1ccc(N2C(=O)c3ccc(Oc4ccc(Sc5ccc(Oc6ccc7c(c6)C(=O)N(*)C7=O)cc5)cc4)cc3C2=O)cc1,238.0,425.5
*c1ccc(Oc2cccc(N3C(=O)c4ccc(-c5ccc6c(c5)C(=O)N(*)C6=O)cc4C3=O)c2)cc1,259.0,401.5
*c1ccc(-c2ccc(N3C(=O)c4ccc(Oc5ccc(Sc6ccc(Oc7ccc8c(c7)C(=O)N(*)C8=O)cc6)cc5)cc4C3=O)cc2)cc1,257.0,483.0
*C(=O)Nc1ccc(Oc2ccc(Oc3ccc(NC(=O)c4ccc5c(c4)C(=O)N(c4ccc(Oc6cccc7c(Oc8ccc(N9C(=O)c%10ccc(*)cc%10C9=O)cc8)cccc67)cc4)C5=O)cc3)cc2)cc1,285.0,430.0
*C(=O)Nc1ccc(Oc2ccc(-c3ccc(Oc4ccc(NC(=O)c5ccc6c(c5)C(=O)N(c5ccc(Oc7cccc8c(Oc9ccc(N%10C(=O)c%11ccc(*)cc%11C%10=O)cc9)cccc78)cc5)C6=O)cc4)cc3)cc2)cc1,310.0,427.0
*c1ccc(Oc2cc3ccccc3cc2Oc2ccc(-n3c(=O)c4cc5c(=O)n(*)c(=O)c5cc4c3=O)cc2)cc1,316.0,380.0
*OC(=O)c1ccc(CCCCCCc2ccc(C(*)=O)cc2)cc1,20.0,151.0
*OC(=O)c1ccc(C(C)(C)c2ccc(C(*)=O)cc2)cc1,100.0,240.0
*OC(=O)c1ccc(Cc2ccc(C(*)=O)cc2)cc1,122.0,332.0
*OC(=O)c1ccc(CCCCCc2ccc(C(*)=O)cc2)cc1,42.5,118.0
*OC(=O)Cc1ccc(CC(*)=O)cc1,65.0,122.0
*OC(=O)CCCCCCCCC(*)=O,60.0,81.0
*OC(=O)c1ccc(CCCCc2ccc(C(*)=O)cc2)cc1,46.0,263.0
*OC(=O)c1ccc(C(F)(F)C(F)(F)C(F)(F)c2ccc(C(*)=O)cc2)cc1,98.0,235.0
*OC(=O)c1cccc(C(*)=O)c1,130.0,300.0
*CCCCCCOC(=O)O*,-42.0,52.0
*OC1C(C)(C)C(OC(*)=O)C1(C)C,160.0,246.0
*CC(F)(F)C(F)(F)C(F)(F)C(F)(F)COC(=O)O*,-41.0,39.0
*Oc1ccc(Cc2ccc(OC(*)=O)cc2)cc1,133.5,300.0
*Oc1ccc(Cc2ccc(OC(*)=O)c(C)c2)cc1C,51.0,243.0
*Oc1ccc(C(C)c2ccc(OC(*)=O)cc2)cc1,130.0,195.0
*Oc1ccc(C(CCC)c2ccc(OC(*)=O)cc2)cc1,123.0,170.0
*Oc1ccc(C(c2ccc(OC(*)=O)cc2)C(C)C)cc1,149.0,180.0
*Oc1ccc(C(c2ccccc2)c2ccc(OC(*)=O)cc2)cc1,170.0,230.0
*Oc1ccc(C(C)(C)c2ccc(OC(*)=O)cc2)cc1,148.0,230.4
*Oc1ccc(C(c2ccccc2)c2ccc(OC(*)=O)cc2C)c(C)c1,182.0,222.0
*Oc1ccc(C(C)(CC)c2ccc(OC(*)=O)cc2)cc1,136.0,222.0
*Oc1ccc(C(C)(CCC)c2ccc(OC(*)=O)cc2)cc1,137.0,220.0
*Oc1ccc(C(C)(C)c2ccc(OC(*)=O)c(C)c2)cc1C,124.0,170.0
*Oc1ccc(C(C)(C)c2ccc(OC(*)=O)c(Cl)c2)cc1Cl,147.0,214.0
*Oc1c(Cl)cc(C(C)(C)c2cc(Cl)c(OC(*)=O)c(Cl)c2)cc1Cl,227.0,264.0
*Oc1c(Br)cc(C(C)(C)c2cc(Br)c(OC(*)=O)c(Br)c2)cc1Br,228.5,271.5
*Oc1ccc(C(C)(c2ccccc2)c2ccc(OC(*)=O)cc2)cc1,179.0,230.0
*Oc1ccc(C(CCC)(CCC)c2ccc(OC(*)=O)cc2)cc1,148.0,200.0
*Oc1ccc(C2(c3ccc(OC(*)=O)cc3)CCCC2)cc1,166.0,245.0
*Oc1ccc(C2(c3ccc(OC(*)=O)cc3)CCCCC2)cc1,175.0,255.0
*Oc1ccc(C2(c3ccc(OC(*)=O)c(C)c3)CCCCC2)cc1C,137.5,232.0
*Oc1c(Cl)cc(C2(c3cc(Cl)c(OC(*)=O)c(Cl)c3)CCCCC2)cc1Cl,163.0,270.0
*Oc1ccc(C2(c3ccc(OC(*)=O)c(Cl)c3)CCCCC2)cc1Cl,179.0,241.0
*Oc1ccc(C(c2ccccc2)(c2ccccc2)c2ccc(OC(*)=O)cc2)cc1,213.0,245.0
*Oc1ccc(C(C#N)(c2ccccc2)c2ccc(OC(*)=O)cc2)cc1,138.0,223.5
*Oc1cccc(C(F)(F)C(F)(F)C(F)(F)c2cccc(OC(*)=O)c2)c1,46.0,200.0
*Oc1c(C)cc(C(C)(C)c2cc(C)c(OC(*)=O)c(C)c2)cc1C,193.0,283.0
*Oc1ccc(C(C)(C)c2ccc(OC(*)=S)cc2)cc1,140.5,270.0
*CCCCOC(=O)O*,-27.0,64.0
*CCCCCCCCCCOC(=O)O*,-37.0,62.0
*CCCCCOC(=O)O*,-42.95,46.0
*c1ccc(OC(=O)Oc2ccc(C3(*)OC(=O)c4ccccc43)cc2)cc1,252.2,325.0
*Oc1c(C)cc(C(C)(C)c2cc(C)c(OC(*)=O)c(Cl)c2)cc1Cl,154.0,167.0
*CCN*,-48.0,66.0
*CCN(*)C(C)=O,80.0,200.0
*CCN(*)C(=O)CCC,42.0,155.0
*CCN(*)C(=O)C(C)C,30.0,210.0
*CCN(*)C(=O)CCCC,13.0,172.0
*CCN(*)C(=O)CC(C)C,30.0,205.0
*CCN(*)C(=O)CCCCC,7.0,159.0
*CCN(*)C(=O)CCCCCC,10.0,168.0
*CCN(*)C(=O)CCCCCCC,10.0,165.0
*CCN(*)C(=O)CCCCCCCCCCC,10.0,153.5
*CCN(*)C(=O)CCCCCCCCCCCCCCCCC,10.0,139.0
*CCN(*)C(=O)c1ccccc1,111.0,210.0
*CCCN(*)C(=O)c1ccccc1,72.0,165.0
*CCN(*)C(=O)c1ccc2ccccc2c1,130.0,258.0
*CCCN(*)C(=O)C(F)(F)C(F)(F)C(F)(F)C(F)(F)C(F)(F)C(F)(F)C(F)(F)F,25.0,110.0
*c1ccc(-c2nc3cc(-c4ccc5nc(-c6ccccc6)c(*)nc5c4)ccc3nc2-c2ccccc2)cc1,365.0,480.0
*c1ccc2nc(*)cc(-c3ccccc3)c2c1,415.0,552.0
*c1ccc(-c2nnc(-c3cccc(-c4nnc(*)n4-c4ccccc4)c3)n2-c2ccccc2)cc1,272.5,253.0
*O[Si](c1ccccc1)(c1ccccc1)c1cccc(*)c1,62.0,293.0
*CCC[Si](*)(C)C,-55.0,43.0
*CCC[Si](*)(c1ccc(C)cc1)c1ccc(C)cc1,38.0,105.0
*O[Si](*)(CC)CC,-139.0,17.0
*O[Si](*)(CCC)CCC,-77.5,206.0
*O[Si](*)(C)C,-122.8,-40.7
*O[Si](*)(C)CCC(F)(F)F,-69.0,-21.15
*O[Si](C)(C)c1cccc(C(F)(F)C(F)(F)c2cccc([Si](*)(C)C)c2)c1,-2.0,100.0
*O[Si](C)(C)c1ccc([Si](*)(C)C)cc1,-18.0,148.0
*O[SiH](*)C,-3.39,140.0
*C/C=C/C[Si](*)(C)C,-57.5,25.0
*C/C=C/C[Si](*)(CCCOc1ccccc1)c1ccccc1,-5.0,23.0
*C/C=C/C[Si](*)(C)CCCOc1ccc(-c2ccccc2)cc1,10.0,44.0
*N=P(*)(Oc1ccccc1)Oc1ccccc1,-8.0,390.0
*N=P(*)(Oc1ccc(-c2ccccc2)cc1)Oc1ccc(-c2ccccc2)cc1,85.0,280.3
*N=P(*)(OCC(F)(F)F)OCC(F)(F)F,-66.0,240.0
*N=P(*)(OCC(F)(F)C(F)(F)F)OCC(F)(F)C(F)(F)F,-52.5,310.0
*N=P(*)(Oc1ccc(F)cc1)Oc1ccc(F)cc1,-4.0,367.5
*N=P(*)(Oc1cccc(C(F)(F)F)c1)Oc1cccc(C(F)(F)F)c1,-35.0,330.0
*N=P(*)(Cl)Cl,-63.0,39.0
*N=P(*)(Oc1ccc(Cl)cc1)Oc1ccc(Cl)cc1,4.0,365.0
*N=P(*)(Oc1ccc(Cl)cc1Cl)Oc1ccc(Cl)cc1Cl,2.0,202.5
*N=P(*)(Oc1ccc(C)c(C)c1)Oc1ccc(C)c(C)c1,-1.5,109.0
*N=P(*)(Oc1ccc(C(C)C)cc1)Oc1ccc(C(C)C)cc1,0.0,370.0
*N=P(*)(Oc1ccc(C)cc1)Oc1ccc(C)cc1,5.0,417.0
*N=P(*)(C)C,-42.0,146.0
*N=P(*)(Oc1ccc2ccccc2c1)Oc1ccc2ccccc2c1,47.0,160.0
*N=P(*)(Oc1cccc(C)c1)Oc1cccc(C)c1,-25.0,219.0
*CCC(*)=O,15.0,255.0
*Oc1ccc(C(=O)c2ccc(*)cc2)cc1,154.0,366.0
*OS(=O)(=O)c1cccc(C(=O)c2cccc(S(=O)(=O)Oc3ccc(C(C)(C)c4ccc(*)cc4)cc3)c2)c1,122.0,215.0
*OS(=O)(=O)c1cccc(S(=O)(=O)Oc2ccc(C(C)(C)c3ccc(*)cc3)cc2)c1,124.0,205.0
*C1CCCCC1S(*)(=O)=O,77.0,284.0
*C1CCCC(S(*)(=O)=O)C1,108.0,309.0
*OS(=O)(=O)c1ccc(*)cc1,119.0,276.0
*CC(C)(C)CS(*)(=O)=O,108.5,296.5
*c1ccc(*)cc1,291.5,325.0
*c1ccc(C(*)C)cc1,93.0,211.0
*CCc1ccc(*)cc1,65.0,415.0
*CCc1cccc(*)c1,9.0,72.5
*CCc1ccc(*)c(C)c1,57.5,230.0
*CCc1ccc(*)c(CC)c1,25.0,170.0
*CCc1cc(C)c(*)cc1C,100.0,287.5
*CCc1ccc(*)c(C#N)c1,90.0,270.0
*CCc1ccc(*)c(Cl)c1,75.0,290.0
*CCc1ccc(*)c(Br)c1,80.0,270.0
*/C=C/c1ccc(*)cc1,240.0,222.0
*c1ccc(C(F)(F)C(*)(F)F)cc1,76.95,500.0
*c1cccc(-c2cccc(C(F)(F)C(F)(F)C(*)(F)F)c2)c1,45.0,151.0
*CCc1cc(Cl)c(*)c(Cl)c1,110.0,300.0
*CCC(C)(C)C(*)(C)C,87.0,191.0
*CCC1CC(*)C2CCCC12,101.0,270.0
*CCCC(*)C,-52.6,55.0
*CC(*)CCCCCCCCCCCCCCCCCC,-88.0,64.5
*CCC1CC(*)C2C3CCC(C3)C12,164.0,287.0
*CC(*)c1ccc(COCCC(F)(F)C(F)(F)C(F)(F)C(F)(F)C(F)(F)C(F)(F)C(F)(F)C(F)(F)F)cc1,55.0,83.5
*CC(*)[Si](C)(C)C,137.0,340.0
*/C=C/C(COCc1ccccc1)C(*)COCc1ccccc1,-4.0,124.0
*/C=C/C1CC(*)C(C(=O)OCCCCCCCCCCCOc2ccc(-c3ccc(C#N)cc3)cc2)C1C(=O)OCCCCCCCCCCCOc1ccc(-c2ccc(C#N)cc2)cc1,23.1,149.4
*/C=C/CCCCCCC(Cl)CCCCCC*,-57.0,24.0
*/C=C/CCCCCCCCCC(Cl)CCCCCCCCC*,-37.0,46.0
*CCCCCCCCCCCCCCCCCCCCC(*)COCCOCCOCCOCCOCc1ccc2ccc3cccc4ccc1c2c34,-21.0,9.0
*/C=C/CCCCCCCCCC(CCCCCCCCC*)COCCOCCOCCOCCOCCCCCC,-76.0,-13.0
*/C=C/C(*)(C)c1ccccc1,52.0,194.0
*CC(*)(C)C(=O)OCCn1c2ccccc2c2ccccc21,148.0,293.0
*CC(*)C(=O)n1c2ccccc2c2ccccc21,50.1,220.0
*CC(*)(C)C(=O)OCCC(F)(F)C(F)(F)C(F)(F)C(F)(F)C(F)(F)C(F)(F)C(F)(F)C(F)(F)F,47.0,88.0
*CC(*)C(=O)Nc1ccc2c(c1)C(=O)c1ccccc1C2=O,128.0,200.0
*CC(*)(C)C(=O)Oc1ccc(C(=O)Oc2ccc(C)cc2)cc1,98.0,135.0
*CC(*)(C)C(=O)Oc1ccc(C(=O)Oc2ccc(OC)cc2)cc1,77.0,137.0
*CC(*)(C)C(=O)Oc1ccc(C(=O)Oc2ccc(-c3ccccc3)cc2)cc1,100.0,160.0
*CC(*)(C)C(=O)Oc1ccc(C(=O)Oc2ccc(Oc3ccccc3)cc2)cc1,74.0,94.0
*CC(*)(C)C(=O)Oc1ccc(C(=O)Oc2ccc(C(=O)c3ccccc3)cc2)cc1,72.0,116.0
*CC(*)C(=O)OCCC(F)(F)C(F)(F)C(F)(F)C(F)(F)C(F)(F)C(F)(F)C(F)(F)C(F)(F)F,52.0,77.5
*CC(*)(Cl)C(=O)OCCC(F)(F)C(F)(F)C(F)(F)C(F)(F)C(F)(F)C(F)(F)C(F)(F)C(F)(F)F,61.0,131.0
*CC(*)(C)C(=O)OCCCCCCOc1ccc(/N=N/c2ccncc2)cc1,42.0,113.0
*CC(*)(C)C(=O)OCCCCCCOc1ccc(C(=O)Oc2ccc(/N=N/c3ccccc3)c3ccccc23)cc1,46.0,85.0
*CC(*)(C)C(=O)OCCCCCCOc1ccc(C(=O)Oc2ccc(/N=N/c3ccc(C)cc3)c3ccccc23)cc1,40.0,75.0
*CC(*)(C)C(=O)OCCCCCCOc1ccc(C(=O)Oc2ccc(/N=N/c3ccc(C#N)cc3)c3ccccc23)cc1,41.0,77.0
*CC(*)(C)C(=O)NC1C(O)OC(CO)C(O)C1O,90.5,176.0
*CC(*)(C)C(=O)OCCCCCCCCCCOc1ccc(C#Cc2cc(C)c(/C=C/c3ccncc3)cc2C)cc1,65.4,87.55
*CC(*)(C)C(=O)OCCCCCCCCCCOc1ccc(C#Cc2cc(OC)c(/C=C/c3ccncc3)cc2OC)cc1,87.1,114.1
*CC(*)(C)C(=O)OCCCCCCCCCCOc1ccc(C(=O)Oc2ccc(C(=O)/C=C/c3c(C)c4ccccc4n3CCCC)cc2)cc1,57.0,162.0
*CC(*)(C)C(=O)OCCCCCCCCOc1ccc(C(=O)Oc2ccc(C(=O)/C=C/c3c(C)c4ccccc4n3CCCC)cc2)cc1,69.0,179.0
*CC(*)(C)C(=O)OCCCCCCOc1ccc(C(=O)Oc2ccc(C(=O)/C=C/c3c(C)c4ccccc4n3CCCC)cc2)cc1,85.0,189.0
*CC(*)(C)C(=O)OCCCCCCCCCCOc1ccc(C(=O)Oc2ccc(C(=O)/C=C/c3c(C)c4ccccc4n3C)cc2)cc1,72.0,169.0
*CC(*)(C)C(=O)OCCCCCCCCOc1ccc(C(=O)Oc2ccc(C(=O)/C=C/c3c(C)c4ccccc4n3C)cc2)cc1,75.0,188.0
*CC(*)(C)C(=O)OCCCCCCOc1ccc(C(=O)Oc2ccc(C(=O)/C=C/c3c(C)c4ccccc4n3C)cc2)cc1,98.0,196.0
*CC(*)(C)C(=O)OCCCCCCOc1ccc(C(=O)Oc2ccc(/N=N/c3ccc(F)cc3)c3ccccc23)cc1,42.0,95.0
*CC(*)(C)C(=O)OCCCCCCOc1ccc(C(=O)Oc2ccc(/N=N/c3ccc(Cl)cc3)c3ccccc23)cc1,50.0,150.0
*CC(*)(C)C(=O)OCCCCCCOc1ccc(C(=O)Oc2ccc(/N=N/c3ccc(Br)cc3)c3ccccc23)cc1,46.0,79.0
*CC(*)(C)C(=O)OCCCCCCOc1ccc(C(=O)Oc2ccc(/N=N/c3ccc(I)cc3)c3ccccc23)cc1,40.0,70.0
*CC(*)(C)C(=O)OCCCCCCN1CCN(c2ccc(/N=N/c3ccc(C#N)cc3)cc2)CC1,77.0,114.0
*CC(*)(C)C(=O)OCCCCCCCCCCOc1ccc(/N=N/c2ccc([N+](=O)[O-])cc2)cc1,55.0,101.0
*CC(*)(C)C(=O)OCCCCCCCCCCOc1ccc(/N=N/c2ccc(C#N)cc2)cc1,51.0,107.5
*CC(*)(C)C(=O)OCCCCCCCCCCOc1ccc(/N=N/c2ccc(F)cc2)cc1,49.0,98.5
*CC(*)(C)C(=O)OCCCCCCCCCCOc1ccc(/N=N/c2ccc(Cl)cc2)cc1,54.0,152.0
*CC(*)(C)C(=O)OCCCCCCCCCCOc1ccc(/N=N/c2ccccc2)cc1,56.0,123.0
*CC(*)(C)C(=O)OCCCCCCCCCCOc1ccc(/N=N/c2ccc(OC)cc2)cc1,62.0,103.0
*CC(*)(C)C(=O)OCCCCCCN1CCN(c2ccc(/N=N/c3ccc([N+](=O)[O-])cc3)cc2)CC1,60.0,118.0
*CC(*)C(=O)N1CC[NH+](CC)CC1,72.5,267.0
*CCCCCCCCC(*)Cl,-33.0,41.0
*/C=C/C1CC(*)C2CC=CC12,53.0,264.0
*CC(C)/C=C(/*)C,2.3,170.0
*c1ccc2c(c1)C(CCCCCCCC)(CCCCCCCC)c1cc(*)ccc1-2,55.0,162.7
*c1ccc2c(c1)C(CC(CC)CCCC)(CC(CC)CCCC)c1cc(*)ccc1-2,29.0,190.0
*/C=C/C(*)(C)C,-9.0,128.0
*Oc1ccc(Oc2ccc(C(=O)c3ccc(C(=O)c4ccc(*)cc4)cc3)cc2)cc1,152.0,365.0
*Oc1ccc(C(=O)c2ccc(Oc3ccc(C(=O)c4ccc(C(=O)c5ccc(*)cc5)cc4)cc3)cc2)cc1,169.0,381.5
*Oc1ccc(-c2ccc(Oc3ccc(C(=O)c4ccc(*)cc4)cc3)cc2)cc1,167.0,420.0
*Oc1cccc(NC(=O)c2ccc(C(=O)Nc3ccc(*)cc3)cc2)c1,280.0,408.0
*Oc1ccc(C(=O)OCC(C)(C)COC(=O)c2ccc(*)cc2)cc1,73.0,116.0
*CCCCCCCC(=O)OCC1COC(*)O1,-23.0,53.0
*CCCCCCCC(=O)OC1COC(*)OC1,6.5,135.0
*CC(C[N-][N+]#N)(C[N-][N+]#N)CO*,-30.0,87.5
*CNC(=O)CCCCC(=O)NCC1COC(*)CO1,93.0,291.0
*CNC(=O)CCCCCCCCC(=O)NCC1COC(*)CO1,73.0,262.0
*CC(=O)NCCCCCCNC(=O)CC1COC(*)CO1,73.0,258.0
*c1ccc(Oc2ccc(-c3cc(-c4ccc(Oc5ccc(-c6cc(*)nc7ccccc67)cc5)cc4)c4ccccc4n3)cc2)cc1,300.0,483.0
*c1ccc(Oc2ccc(-c3cc(-c4ccccc4)c4cc5c(-c6ccccc6)cc(*)nc5cc4n3)cc2)cc1,380.5,502.0
*c1ccc(Oc2ccc(-c3cc(-c4ccccc4)c4cc5nc(*)cc(-c6ccccc6)c5cc4n3)cc2)cc1,365.0,490.0
*Oc1cccc(OC(=O)c2ccc(Oc3ccc(C(*)=O)cc3)cc2)c1,159.0,232.0
*Oc1ccc(Oc2ccc(Oc3ccc(Oc4ccc(OC(=O)c5cccc(C(*)=O)c5)cc4)cc3)cc2)cc1,134.0,290.0
*Oc1ccc(Oc2cccc(C(=O)Oc3ccc(OC(=O)c4cccc(*)c4)cc3)c2)cc1,119.0,259.0
*Oc1ccc(Oc2ccc(Oc3cccc(C(=O)Oc4ccc(-c5ccc(OC(=O)c6cccc(*)c6)cc5)cc4)c3)cc2)cc1,119.0,251.0
*Oc1cccc(Oc2ccc(Oc3cccc(OC(=O)c4ccc(C(*)=O)cc4)c3)cc2)c1,103.0,188.0
*Oc1cccc(Oc2ccc(C(=O)Oc3cccc(OC(=O)c4ccc(*)cc4)c3)cc2)c1,131.0,188.0
*CCCCCCCCCCCCOc1ccc(/C=N/N=C/c2ccc(O*)cc2O)c(O)c1,89.0,251.0
*O[Si](C)(C)O[Si](C)(C)Oc1ccc(-c2ccc(*)cc2)cc1,-4.0,110.0
*CCCCCCCc1nc2ccc(-c3ccc4nc(*)oc4c3)cc2o1,85.0,242.0
*CCCCCCCCCc1nc2ccc(-c3ccc4nc(*)oc4c3)cc2o1,64.0,193.0
*CCCCCCCCCCc1nc2ccc(-c3ccc4nc(*)oc4c3)cc2o1,64.0,209.0
*CCCCCCCCCCCc1nc2ccc(-c3ccc4nc(*)oc4c3)cc2o1,62.0,172.0
*CCCCCCCCCCCCc1nc2ccc(-c3ccc4nc(*)oc4c3)cc2o1,55.0,185.0
*Oc1ccc(Sc2ccc(Sc3ccc(Sc4ccc(*)cc4)cc3)cc2)cc1,84.0,238.0
*Oc1cccc2ccc(Oc3ccc(NC(=O)c4ccc(Oc5ccc(C(=O)Nc6ccc(*)cc6)cc5)cc4)cc3)cc12,236.0,338.0
*Oc1cccc2ccc(Oc3ccc(NC(=O)c4ccc(S(=O)(=O)c5ccc(C(=O)Nc6ccc(*)cc6)cc5)cc4)cc3)cc12,259.0,289.0
*Oc1cccc2ccc(Oc3ccc(NC(=O)c4ccc(Oc5ccc(Oc6ccc(C(=O)Nc7ccc(*)cc7)cc6)cc5)cc4)cc3)cc12,224.0,363.0
*Oc1cccc(Oc2cccc(*)c2)c1C#N,145.0,340.0
*Oc1cccc(C(=O)c2ccc(*)cc2)c1,137.0,304.0
*c1ccc([Si](c2ccccc2)(c2ccccc2)c2ccc(-c3nnc(*)o3)cc2)cc1,262.0,420.0
*c1ccc([Si](c2ccccc2)(c2ccccc2)c2ccc(-c3nnc(-c4ccc(-c5nnc(*)o5)cc4)o3)cc2)cc1,274.0,439.0
*c1ccc([Si](c2ccccc2)(c2ccccc2)c2ccc(-c3nnc(-c4ccc(-c5nnc(*)o5)nc4)o3)cc2)cc1,272.0,417.0
*c1ccc([Si](c2ccccc2)(c2ccccc2)c2ccc(-c3nnc(-c4cccc(-c5nnc(*)o5)n4)o3)cc2)cc1,265.0,395.0
*c1ccc([Si](c2ccccc2)(c2ccccc2)c2ccc(-c3nnc(-c4cncc(-c5nnc(*)o5)c4)o3)cc2)cc1,272.0,384.0
*c1ccc([Si](c2ccccc2)(c2ccccc2)c2ccc(-c3nnc(-c4ccc(-c5nnc(*)o5)o4)o3)cc2)cc1,276.0,427.0
*c1ccc(-c2ccc(-c3nnc(-c4ccc([Si](c5ccccc5)(c5ccccc5)c5ccc(-c6nnc(*)o6)cc5)cc4)o3)cc2)cc1,278.0,423.0
*c1ccc([Si](c2ccccc2)(c2ccccc2)c2ccc(-c3nnc(-c4ccc(-c5nnc(*)o5)c5ccccc45)o3)cc2)cc1,273.0,385.0
*Oc1cccc(Oc2ccc(-c3ccc(*)cc3)cc2)c1C#N,210.0,331.0
*CCCCCCCCCCCCOc1ccc(OCc2ccc(COc3ccc(O*)cc3)cc2)cc1,24.0,184.0
*CCOC(=O)Nc1ccc(Cc2ccc(NC(=O)OCCOc3ccc(O*)cc3)cc2)cc1,98.0,215.0
*Oc1ccc(C(=O)c2ccc(C(=O)c3ccc(Oc4ccc(Cc5ccc(*)cc5)cc4)cc3)cc2)cc1,120.0,275.0
*CC(CS(C)(=O)=O)O*,85.0,180.0
*CC(CS(=O)(=O)CCC)O*,43.0,183.0
*CC(CS(=O)(=O)CCCC)O*,37.0,176.0
*CC(CS(=O)(=O)CCCCC)O*,39.0,129.0
*Oc1ccc(C(=O)c2ccc(Oc3ccc(C(=O)c4ccc(Oc5ccc(Cc6ccc(*)cc6)cc5)cc4)cc3)cc2)cc1,128.0,275.0
*Oc1ccc(C2(c3ccc(Oc4ccc(C(=O)c5ccc(Oc6ccc(C(=O)c7ccc(*)cc7)cc6)cc5)cc4)cc3)c3ccccc3-c3ccccc32)cc1,231.0,400.0
*c1ccc(Oc2ccc(-c3c(-c4ccccc4)nc4ccc(-c5ccc6nc(-c7ccccc7)c(*)c(-c7ccccc7)c6c5)cc4c3-c3ccccc3)cc2)cc1,307.5,475.0
*CC(CO*)(CSC)CSC,-6.0,117.0
*CC(CO*)(CSCC)CSCC,-32.0,82.0
*CC(CO*)(CSC(C)C)CSC(C)C,-9.0,89.0
*CC(CO*)(CSCCCCC)CSCCCCC,-33.0,61.0
*CC(CO*)(CS(C)(=O)=O)CS(C)(=O)=O,126.0,191.0
*CC(CO*)(CS(=O)(=O)CC)CS(=O)(=O)CC,84.0,183.0
*CC(CO*)(CS(=O)(=O)CCC)CS(=O)(=O)CCC,71.0,166.0
*CC(CO*)(CS(=O)(=O)CCCC)CS(=O)(=O)CCCC,66.0,143.0
*CC(CO*)(CS(=O)(=O)CCCCC)CS(=O)(=O)CCCCC,56.0,138.0
*CCOC(=O)CC(C)O*,-37.1,11.0
*Oc1cccc(C(=O)c2ccc(Oc3ccc(C(=O)c4ccc(*)cc4)cc3)cc2)c1,146.0,193.0
*CCCCCCCCCCOc1ccc(/N=C/c2ccc(/C=N/c3ccc(O*)cc3C)cc2)c(C)c1,77.6,95.0
*C[Ge](C)(C)Cc1cocc1*,-28.0,70.0
*CC(COc1ccc(-c2ccc(OC)cc2)cc1)O*,111.0,207.0
*OC1C(COC(C)=O)OC(*)C(OC(C)=O)C1OC(C)=O,178.0,302.0
*Oc1ccccc1S(=O)(=O)c1ccc(*)cc1,221.0,368.0
*Oc1ccc(S(=O)(=O)c2ccc(*)cc2)c2ccccc12,238.0,367.0
*CCCCCCOc1ccc(OC(=O)c2ccc(C(=O)Oc3ccc(O*)cc3)cc2)cc1,53.0,288.0
*CCOCCOc1ccc(N/C=N/c2ccc(O*)cc2)cc1,62.0,145.0
*CCOCCOC(=O)c1ccc(N/C=N/c2ccc(C(=O)O*)cc2)cc1,77.0,165.0
*c1ccc(Oc2ccc(Oc3ccc(-c4nc(*)nc(-c5ccccc5)n4)cc3)cc2)cc1,244.0,290.0
*Oc1ccc(OC(=O)c2ccc(OCCCCCCCCCCOc3ccc(C(*)=O)cc3)cc2)cc1S(=O)(=O)c1ccccc1,88.0,115.0
*Oc1cccc(Oc2ccc(C(=O)c3ccc(NC(=O)c4ccc(C(=O)Nc5ccc(C(=O)c6ccc(*)cc6)cc5)cc4)cc3)cc2)c1,190.0,388.0
*Oc1ccc(C(=O)c2ccc(NC(=O)c3cccc(C(=O)Nc4ccc(C(=O)c5ccc(*)cc5)cc4)c3)cc2)cc1,214.0,359.5
*Oc1ccc(Oc2ccc(C(=O)c3ccc(NC(=O)CCCCCCCCC(=O)Nc4ccc(C(=O)c5ccc(*)cc5)cc4)cc3)cc2)cc1,130.0,334.0
*Oc1cccc(Oc2ccc(C(=O)c3ccc(NC(=O)CCCCCCCCC(=O)Nc4ccc(C(=O)c5ccc(*)cc5)cc4)cc3)cc2)c1,143.0,220.0
*Oc1ccc(C(=O)OCCOCCOCCOC(=O)c2ccc(OC(=O)c3ccc(C(*)=O)cc3)cc2)cc1,30.0,180.0
*Oc1ccc(C(=O)OCCOCCOCCOCCOC(=O)c2ccc(OC(=O)c3ccc(C(*)=O)cc3)cc2)cc1,30.0,121.0
*Oc1ccc(OC(=O)c2ccc(OCCCCCCOc3ccc(C(*)=O)cc3)cc2)cc1S(=O)(=O)c1ccccc1,105.5,174.7
*Oc1ccc(OC(=O)c2ccc(OCCCCCCCCCCCCOc3ccc(C(*)=O)cc3)cc2)cc1S(=O)(=O)c1ccccc1,82.7,116.9
*CCCCCCCCCCOc1ccc(/C=N/c2ccc(-c3ccc(/N=C/c4ccc(O*)cc4O)c(OC)c3)cc2OC)c(O)c1,72.0,195.0
*CCCCCOc1cccc(NC(=O)c2cccc(C(=O)Nc3cccc(O*)c3)c2)c1,131.5,180.0
*CCCCCCCCOc1cccc(NC(=O)c2ccc(C(=O)Nc3cccc(O*)c3)cc2)c1,122.0,284.0
*CCCCCOc1ccc(NC(=O)c2cccc(C(=O)Nc3ccc(O*)cc3)c2)cc1,155.0,341.0
*CC(O)COC(=O)CCCCCCCCCCC(=O)OCC(O)COc1ccc(O*)cc1,10.0,80.0
*OC(=O)Oc1ccc(C(=O)Oc2ccc(OC(=O)OC3COC4C(*)COC34)cc2)cc1,115.0,219.5
*Oc1ccc(C(C)(C)c2ccc(OC(=O)c3ccc(OCCCCCCCCCCOc4ccc(C(*)=O)cc4)cc3)cc2)cc1,77.0,160.0
*CCCCCCCCOC(=O)Nc1ccc(NC(=O)OCCCCCCCCOc2ccc(-c3ccc(O*)cc3)cc2)c(C)c1,81.0,171.0
*CCCCCCCCCCCOC(=O)Nc1ccc(NC(=O)OCCCCCCCCCCCOc2ccc(-c3ccc(O*)cc3)cc2)c(C)c1,77.0,173.0
*CCCCCCOC(=O)Nc1ccc(NC(=O)OCCCCCCOc2ccc(-c3ccc(O*)cc3)cc2)c(C)c1,89.0,206.0
*Oc1cc(C(=O)c2ccccc2)c(Oc2ccc(*)cc2)cc1C(=O)c1ccccc1,137.0,337.0
*CCOCCOc1ccc(/C=C(\C)c2ccc(O*)cc2)cc1,39.0,155.0
*CCOCCOc1cccc(NC(=O)c2cccc(C(=O)Nc3cccc(O*)c3)c2)c1,128.5,170.0
*CCOCCOc1cccc(NC(=O)c2ccc(C(=O)Nc3cccc(O*)c3)cc2)c1,140.0,273.0
*CCOCCOc1ccc(NC(=O)c2cccc(C(=O)Nc3ccc(O*)cc3)c2)cc1,155.0,320.0
*CCOCCOCCOc1cccc(NC(=O)c2cccc(C(=O)Nc3cccc(O*)c3)c2)c1,111.0,207.0
*CCOCCOCCOc1cccc(NC(=O)c2ccc(C(=O)Nc3cccc(O*)c3)cc2)c1,116.0,265.0
*CCOCCOCCOc1ccc(NC(=O)c2cccc(C(=O)Nc3ccc(O*)cc3)c2)cc1,129.0,292.0
*CCCCCOc1cccc(NC(=O)c2ccc(C(=O)Nc3cccc(O*)c3)cc2)c1,135.0,275.0
*CCCCCCCCOc1cccc(NC(=O)c2cccc(C(=O)Nc3cccc(O*)c3)c2)c1,117.0,201.0
*CCCCCCCCOc1ccc(NC(=O)c2cccc(C(=O)Nc3ccc(O*)cc3)c2)cc1,128.0,320.0
*CCCNC(=O)CCCCCCCCC(=O)NCCCOCCOCCO*,40.0,135.0
*CCCNC(=O)C(Cc1ccccc1)NC(=O)CCCCCCCCC(=O)NC(Cc1ccccc1)C(=O)NCCCOCCOCCO*,44.0,148.0
*CCCNC(=O)CNC(=O)C(Cc1ccccc1)NC(=O)CCCCCCCCC(=O)NC(Cc1ccccc1)C(=O)NCC(=O)NCCCOCCOCCO*,36.0,126.0
*CCCNC(=O)CNC(=O)C(NC(=O)C(Cc1ccccc1)NC(=O)CCCCCCCCC(=O)NC(Cc1ccccc1)C(=O)NC(C(=O)NCC(=O)NCCCOCCOCCO*)C(C)C)C(C)C,58.0,213.0
*CCCNC(=O)C(NC(=O)C(Cc1ccccc1)NC(=O)CCCCCCCCC(=O)NC(Cc1ccccc1)C(=O)NC(C(=O)NCCCOCCOCCO*)C(C)C)C(C)C,66.0,238.0
*CC[Si](C)(C)O[Si]1(*)O[Si](C)(C)O[Si](C)(C)O1,-64.0,-38.0
*OCCOC(=O)c1ccc(C(=O)OCCOc2nc(-c3ccc(OCCCC)cc3)nc(*)c2-c2ccc(OC)cc2)cc1,94.0,200.0
*OCCOC(=O)c1cccc(C(=O)OCCOc2nc(-c3ccc(OCCCC)cc3)nc(*)c2-c2ccc(OC)cc2)c1,92.0,200.0
*CCCCCOc1ccc(/C=C/C(=O)OCCN(CCOC(=O)/C=C/c2ccc(O*)cc2)c2ccc(/N=N/c3ccc([N+](=O)[O-])cc3)cc2)cc1,92.0,120.0
*Oc1ccc(C(c2ccc(OC3(F)C(*)(F)C(F)(F)C3(F)F)cc2)(C(F)(F)F)C(F)(F)F)cc1,122.5,200.0
*OC1C(CO)OC(*)C(N)C1O,194.0,226.0
*CCCCOc1ccc(OC(=O)c2ccc(C(=O)Oc3ccc(O*)cc3)c(C(=O)OCC=C)c2)cc1,56.0,118.0
*CCCCCCOc1ccc(/C=C/c2ccc(O*)cc2)cc1,76.0,176.0
*CCCCCCOc1ccc(/C=C/c2ccc(O*)c3ccccc23)cc1,78.0,181.0
*OC(=O)CNC(=O)CCCCCCCCC(=O)NCC(=O)OC1COC2C(*)COC12,66.0,164.0
*OC(=O)CNC(=O)CNC(=O)CCCCCCCCC(=O)NCC(=O)NCC(=O)OC1COC2C(*)COC12,47.0,124.0
*OC(=O)CCCCCCCCC(=O)OC1COC2C(*)COC12,3.0,48.0
*Oc1cccc(Oc2ccc(C(=O)O)c(C(=O)Nc3ccc(Oc4ccc(-c5ccc(Oc6ccc(NC(=O)c7cc(*)ccc7C(=O)O)cc6)cc5)cc4)cc3)c2)c1,100.0,315.0
*Oc1ccc(-c2ccc(Oc3ccc(C(=O)c4ccc(C(=O)c5ccc(*)cc5)cc4)cc3)cc2)cc1,173.0,426.0
*Oc1cccc2c(OC(=O)c3ccc(Oc4ccc(C(*)=O)cc4)cc3)cccc12,171.0,390.0
*c1ccc(OCCCCCCCCCCCOC(=O)c2cccc(C(=O)OCCCCCCCCCCCOc3ccc(-c4nnc(*)s4)cc3)c2)cc1,68.0,145.0
*c1ccc(OCCCCCCCCCCCOC(=O)c2ccc(C(=O)OCCCCCCCCCCCOc3ccc(-c4nnc(*)s4)cc3)cc2)cc1,64.0,168.0
*c1ccc(OCCCCCCCCCCCOC(=O)CCCCC(=O)OCCCCCCCCCCCOc2ccc(-c3nnc(*)s3)cc2)cc1,69.0,129.0
*c1ccc(OCCCCCCCCCCCOC(=O)CCCCCCCCC(=O)OCCCCCCCCCCCOc2ccc(-c3nnc(*)s3)cc2)cc1,52.0,122.0
*c1ccc(OCCCCCCCCCCCOC(=O)c2cccc(C(=O)OCCCCCCCCCCCOc3cccc(-c4nnc(*)s4)c3)c2)cc1,39.0,158.0
*c1ccc(OCCCCCCCCCCCOC(=O)c2ccc(C(=O)OCCCCCCCCCCCOc3cccc(-c4nnc(*)s4)c3)cc2)cc1,35.0,120.0
*c1cccc(OCCCCCCCCCCCOC(=O)c2cccc(C(=O)OCCCCCCCCCCCOc3cccc(-c4nnc(*)s4)c3)c2)c1,15.0,77.0
*c1cccc(OCCCCCCCCCCCOC(=O)c2ccc(C(=O)OCCCCCCCCCCCOc3cccc(-c4nnc(*)s4)c3)cc2)c1,22.0,103.0
*CCCCCCCCOc1ccc(C(C)(C)c2ccc(O*)cc2)cc1,19.6,91.0
*O[Si](C)(C)CCCC(=O)Oc1ccc(/C=N/c2ccc(Oc3ccc(/N=C/c4ccc(OC(=O)CCC[Si](*)(C)C)cc4)cc3)cc2)cc1,52.0,172.0
*CCCCCCCCCCCOC(=O)c1cc(OCCCCCCCCOc2ccc(/N=N/c3ccc(OC)cc3)cc2)cc(C(=O)OCCCCCCCCCCCOc2ccc(-c3ccc(O*)cc3)cc2)c1,60.0,128.0
*CCCCCCCCCCCOC(=O)c1cc(OCCCCCCCCCCOc2ccc(/N=N/c3ccc(OC)cc3)cc2)cc(C(=O)OCCCCCCCCCCCOc2ccc(-c3ccc(O*)cc3)cc2)c1,53.0,101.0
*Oc1ccc2cc(Oc3ccc(C(=O)c4ccc(*)cc4)cc3)ccc2c1,247.0,310.0
*SCC(=O)N/N=C/c1ccc(OCCCCCCCCCCOc2ccc(/C=N/NC(=O)CSc3nnc(*)s3)cc2)cc1,117.0,204.0
*SCC(=O)N/N=C/c1ccc(OCCCCCCCCCCOc2ccc(/C=N/NC(=O)CSc3nnc(*)s3)cc2OC)c(OC)c1,156.0,135.0
*CCCCCCCCCCOc1ccc(/C=C/c2ccc(OCCCCCCCCCCOP(=O)(O*)OCCCCCCCCCCOc3ccc(/N=N/c4ccccc4)cc3)cc2)cc1,55.0,118.0
*CCCCCCCCCCOc1ccc(/C=C/c2ccc(OCCCCCCCCCCOP(=O)(O*)OCCCCCCCCCCOc3ccc(/N=N/c4ccc(Cl)cc4)cc3)cc2)cc1,60.0,110.0
*CCCCCCCCCCOc1ccc(/C=C/c2ccc(OCCCCCCCCCCOP(=O)(O*)OCCCCCCCCCCOc3ccc(/N=N/c4ccc(C#N)cc4)cc3)cc2)cc1,60.0,125.0
*CCCCCCCCCCOc1ccc(/C=C/c2ccc(OCCCCCCCCCCOP(=O)(O*)OCCCCCCCCCCOc3ccc(/N=N/c4ccc([N+](=O)[O-])cc4)cc3)cc2)cc1,50.0,135.0
*CCCCCCCCCCOc1ccc(/C=C/c2ccc(OCCCCCCCCCCOP(=O)(O*)OCCCCCCCCCCOc3ccc(/N=N/c4ccc(OC)cc4)cc3)cc2)cc1,58.0,160.0
*CCCCCCCCCCOc1ccc(/C=C/c2ccc(OCCCCCCCCCCOP(=O)(O*)OCCCCCCCCCCOc3ccc(/N=N/c4ccc(-c5ccccc5)cc4)cc3)cc2)cc1,50.0,149.0
*OCCCCOC1COC2C(OC(=O)CCCCC(=O)OC3COC4C(*)COC34)COC12,114.0,127.5
*Oc1ccc(/N=C/c2ccc(Oc3ccc(C(C)(C)c4ccc(Oc5ccc(/C=N/c6ccc(Oc7ccc(-c8ccc(*)cc8)cc7)cc6)cc5)cc4)cc3)cc2)cc1,120.0,263.0
*Oc1ccc(/N=C/c2ccc(Oc3ccc(C(c4ccc(Oc5ccc(/C=N/c6ccc(Oc7ccc(-c8ccc(*)cc8)cc7)cc6)cc5)cc4)(C(F)(F)F)C(F)(F)F)cc3)cc2)cc1,128.0,260.0
*Oc1ccc(S(=O)(=O)c2ccc(Oc3ccc(/C=N/c4ccc(Oc5ccc(-c6ccc(Oc7ccc(/N=C/c8ccc(*)cc8)cc7)cc6)cc5)cc4)cc3)cc2)cc1,127.0,284.0
*Oc1ccc(S(=O)(=O)c2ccc(Oc3ccc(/C=N/c4ccc(Oc5ccc(/N=C/c6ccc(*)cc6)cc5)cc4)cc3)cc2)cc1,162.0,190.0
*Oc1ccc(S(=O)(=O)c2ccc(Oc3ccc(/N=C/c4ccc(*)cc4)cc3)cc2)cc1,110.0,188.0
*Oc1ccc(CNC(=O)c2ccc(C(=O)NCc3ccc(OC4COC5C(*)COC45)cc3)cc2)cc1,122.0,234.0
*Oc1ccc(CNC(=O)c2cccc(C(=O)NCc3ccc(OC4COC5C(*)COC45)cc3)c2)cc1,83.0,215.0
*Oc1ccc(CNC(=O)CCCCC(=O)NCc2ccc(OC3COC4C(*)COC34)cc2)cc1,116.0,300.0
*Oc1ccc(NC(=O)c2ccc(OC3COC4C(Oc5ccc(C(=O)Nc6ccc(OC7COC8C(*)COC78)cc6)cc5)COC34)cc2)cc1,165.0,300.0
*Oc1ccc(NC(=O)c2ccc(C(=O)Nc3ccc(OC4COC5C(*)COC45)cc3)cc2)cc1,57.0,213.0
*Oc1ccc(NC(=O)c2cccc(C(=O)Nc3ccc(OC4COC5C(*)COC45)cc3)c2)cc1,218.0,207.0
*Oc1ccc(NC(=O)CCCCC(=O)Nc2ccc(OC3COC4C(*)COC34)cc2)cc1,150.0,290.0
*Oc1ccc(NC(=O)CCCCCCC(=O)Nc2ccc(OC3COC4C(*)COC34)cc2)cc1,72.5,249.5
*CCCCCCOC(=O)C(CCCCCOc1ccc(/N=N/c2ccncc2)cc1)C(=O)OCCCCCCOc1ccc(-c2ccc(O*)cc2)cc1,53.6,111.75
*CCOc1ccc(/C=C2\CC/C(=C\c3ccc(OCCOP(=O)(O*)OC)c(OC)c3)C2=O)cc1OC,99.0,153.5
*CCCCOc1ccc(/C=C2\CC/C(=C\c3ccc(OCCCCOP(=O)(O*)OC)c(OC)c3)C2=O)cc1OC,75.0,128.5
*CCCCCCOc1ccc(/C=C2\CC/C(=C\c3ccc(OCCCCCCOP(=O)(O*)OC)c(OC)c3)C2=O)cc1OC,74.0,124.5
*CCCCCCCCOc1ccc(/C=C2\CC/C(=C\c3ccc(OCCCCCCCCOP(=O)(O*)OC)c(OC)c3)C2=O)cc1OC,73.0,123.0
*CCCCCCCCCCOc1ccc(/C=C2\CC/C(=C\c3ccc(OCCCCCCCCCCOP(=O)(O*)OC)c(OC)c3)C2=O)cc1OC,48.0,93.0
*CCOc1ccc(/C=C2\CC/C(=C\c3ccc(OCCOP(=O)(O*)OCC)c(OC)c3)C2=O)cc1OC,80.0,128.0
*CCCCOc1ccc(/C=C2\CC/C(=C\c3ccc(OCCCCOP(=O)(O*)OCC)c(OC)c3)C2=O)cc1OC,79.0,125.5
*CCCCCCOc1ccc(/C=C2\CC/C(=C\c3ccc(OCCCCCCOP(=O)(O*)OCC)c(OC)c3)C2=O)cc1OC,75.0,122.5
*CCCCCCCCOc1ccc(/C=C2\CC/C(=C\c3ccc(OCCCCCCCCOP(=O)(O*)OCC)c(OC)c3)C2=O)cc1OC,62.0,102.5
*CCCCCCCCCCOc1ccc(/C=C2\CC/C(=C\c3ccc(OCCCCCCCCCCOP(=O)(O*)OCC)c(OC)c3)C2=O)cc1OC,47.0,83.5
*C(F)(F)C1(*)OC(F)(F)C(F)(F)O1,108.0,229.5
*c1ccc(C(=O)OCCCCCCOc2ccc(/C=C3\CCC/C(=C\c4ccc(OCCCCCCOC(=O)c5ccc(-c6nnc(*)o6)cc5)cc4)C3=O)cc2)cc1,71.0,151.5
*c1ccc(C(=O)OCCCCCCCCOc2ccc(/C=C3\CCC/C(=C\c4ccc(OCCCCCCCCOC(=O)c5ccc(-c6nnc(*)o6)cc5)cc4)C3=O)cc2)cc1,59.0,145.0
*c1ccc(C(=O)OCCCCCCCCOc2ccc(/C=C3\CC/C(=C\c4ccc(OCCCCCCCCOC(=O)c5ccc(-c6nnc(*)o6)cc5)cc4)C3=O)cc2)cc1,99.0,122.0
*c1ccc(C(=O)OCCCCCCCCCCOc2ccc(/C=C3\CC/C(=C\c4ccc(OCCCCCCCCCCOC(=O)c5ccc(-c6nnc(*)o6)cc5)cc4)C3=O)cc2)cc1,58.0,121.5
*c1ccc(Oc2ccc(-c3csc(/N=C/c4ccc(OCCCCCCOc5ccc(/C=N/c6nc(*)cs6)cc5)cc4)n3)cc2)cc1,117.0,179.5
*c1ccc(Oc2ccc(-c3csc(/N=C/c4ccc(OCCCCCCCCOc5ccc(/C=N/c6nc(*)cs6)cc5)cc4)n3)cc2)cc1,150.0,175.0
*CC(=O)c1ccc(Oc2ccc(C(=O)COc3ccc(/C=C4\CCC/C(=C\c5ccc(O*)c(OC)c5)C4=O)cc3OC)cc2)cc1,211.75,350.0
*CCCCCCOc1ccc(C(C)(C)c2ccc(O*)cc2)cc1,36.0,98.1
*Oc1ccc(C2(c3ccc(Oc4ccc(-c5ccc(NC(=O)c6cc(C(=O)Nc7ccc(-c8ccc(*)c(C(F)(F)F)c8)cc7)cc(C(C)(C)C)c6)cc5)cc4C(F)(F)F)cc3)c3ccccc3-c3ccccc32)cc1,278.0,349.0
*Oc1ccc(-c2ccc(NC(=O)c3cc(C(=O)Nc4ccc(-c5ccc(Oc6ccc(C(c7ccc(*)cc7)(C(F)(F)F)C(F)(F)F)cc6)c(C(F)(F)F)c5)cc4)cc(C(C)(C)C)c3)cc2)cc1C(F)(F)F,251.5,356.0
*Oc1ccc(-c2ccc(NC(=O)c3cc(C(=O)Nc4ccc(-c5ccc(Oc6ccc(C(C)(C)c7ccc(*)cc7)cc6)c(C(F)(F)F)c5)cc4)cc(C(C)(C)C)c3)cc2)cc1C(F)(F)F,248.5,352.0
*/C=N/c1ccc(C(=O)OCCCCOCCCCOCCCCOC(=O)c2ccc(/N=C/c3ccc(*)s3)cc2)cc1,25.0,86.7
*CCCCOCCCCOCCCCOC(=O)c1ccc(/N=C/c2cc(OCCCCCC)c(/C=C/c3cc(OCCCCCC)c(/C=C/c4cc(OCCCCCC)c(/C=N/c5ccc(C(=O)O*)cc5)cc4OCCCCCC)cc3OCCCCCC)cc2OCCCCCC)cc1,14.3,50.6
*CCCCOCCCCOCCCCOC(=O)c1ccc(/N=C/c2ccc(/C=N/c3ccc(C(=O)O*)cc3)cc2)cc1,-13.2,69.1
*CCCCOCCCCOCCCCOC(=O)c1ccc(/N=C/c2cc(OCCC(C)CCCC(C)C)c(/C=N/c3ccc(C(=O)O*)cc3)cc2OCCC(C)CCCC(C)C)cc1,-4.8,25.85
*CCCCCCOC(=O)NC1CCC(CC2CCC(NC(=O)OCCCCCCOc3ccc(CCc4ccc(O*)cc4)cc3)CC2)CC1,40.3,110.75
*CC(=O)NCCCCCCNC(=O)CS*,-7.0,152.0
*C1C=C(CCCCCC)C(*)S1,58.05,218.0
*CC(CC)(CC)CS*,-36.25,72.0
*c1cc(CCCCCCCCCCCC)c(*)s1,-18.5,100.0
*c1cc(CCCCCCCCCC)c(*)s1,-33.0,121.5
*c1cc(CCCCCC)c(*)s1,20.3,217.1
*c1cc(CCCCCCCC)c(*)s1,-9.2,164.0
*c1ccc(Sc2ccc(Sc3ccc(Sc4ccc(S(*)=O)cc4)cc3)cc2)cc1,133.0,242.0
*c1ccc(Sc2cccc(Sc3ccc(S(*)=O)cc3)c2)cc1,121.0,254.0
*c1ccc(-c2ccc(-c3ccc(-c4ccc(*)n4CCCCCCCCCCCC)s3)s2)s1,52.0,106.0
*c1ccc(-c2ccc(-c3ccc(-c4ccc(-c5ccc(*)n5CCCCCCCCCCCC)s4)s3)s2)s1,54.0,121.0
*c1ccc([Si](*)(C)C)s1,21.0,126.0
*c1ccc([Si](C)(C)[Si](*)(C)C)s1,15.0,165.0
*c1ccc(-c2ccc([Si](*)(C)C)s2)s1,45.0,193.0
*c1ccc(-c2ccc([Si](C)(C)[Si](*)(C)C)s2)s1,45.0,200.0
*c1ccc(-c2ccc(-c3ccc([Si](*)(C)C)s3)s2)s1,45.0,215.0
*c1ccc(-c2ccc(-c3ccc([Si](C)(C)[Si](*)(C)C)s3)s2)s1,45.0,197.0
*c1ccc(-c2cc(CCCCCCCC)c(-c3ccc(-c4ccc(-c5sc(-c6ccc([Si](*)(C)C)s6)cc5CCCCCCCC)s4)s3)s2)s1,31.0,60.0
*c1ccc(-c2cc(CCCCCCCC)c(-c3ccc(-c4ccc(-c5sc(-c6ccc([Si](C)(C)[Si](*)(C)C)s6)cc5CCCCCCCC)s4)s3)s2)s1,12.0,55.0
*c1ccc(-c2cc(CCCCCCCC)c(-c3ccc(-c4ccc(-c5sc(-c6ccc([Si](C)(C)[Si](C)(C)[Si](C)(C)[Si](*)(C)C)s6)cc5CCCCCCCC)s4)s3)s2)s1,6.0,55.0
*c1ccc(-c2cc(CCCCCCCC)c(-c3ccc(-c4ccc(-c5sc(-c6ccc([Si](C)(C)[Si](C)(C)[Si](C)(C)[Si](C)(C)[Si](C)(C)[Si](C)(C)[Si](C)(C)[Si](*)(C)C)s6)cc5CCCCCCCC)s4)s3)s2)s1,13.0,55.0
*c1cc(CCCC)c(*)s1,59.0,243.0
*c1cc(CCOC(=O)NCCCC)c(*)s1,67.5,265.0
*SSc1ccc(/N=C/Nc2ccc(*)cc2)cc1,98.0,238.0
*CCSCc1ccc(Cc2ccc(CSCCOC(=O)CCSCc3ccc(Cc4ccc(CSCCC(=O)O*)cc4)cc3)cc2)cc1,12.0,37.85
*c1ccc(C(=O)OCCCCCCOC(=O)c2ccc(-c3nnc(*)s3)cc2)cc1,125.0,300.0
*c1ccc(C(=O)OCCCCCCCCOC(=O)c2ccc(-c3nnc(*)s3)cc2)cc1,86.0,300.0
*c1ccc(C(=O)OCCCCCCCCCOC(=O)c2ccc(-c3nnc(*)s3)cc2)cc1,72.0,283.0
*c1ccc(C(=O)OCCCCCCCCCCOC(=O)c2ccc(-c3nnc(*)s3)cc2)cc1,79.0,293.0
*c1ccc(C(=O)OCCCCCCCCCCCCOC(=O)c2ccc(-c3nnc(*)s3)cc2)cc1,68.0,256.0
*c1ccc2c(c1)C(CCCCCCCC)(CCCCCCCC)c1cc(-c3ccc(*)c4nsnc34)ccc1-2,114.5,490.0
*c1sc(*)c(CCCCCCN(CC)c2ccc(/N=N/c3ccc([N+](=O)[O-])cc3)cc2)c1CCCCCC,17.0,122.0
*c1ccc(-c2cc(CCCCCCBr)c(*)s2)s1,51.0,119.0
*c1ccc(-c2cc(CCCCCCOC(=O)COc3ccccc3)c(*)s2)s1,79.0,135.0
*Cc1ccccc1CSS*,39.0,95.0
*CCCCSS*,-55.0,42.0
*/C=C/c1cccc(OC(=O)CCCCCCCCC(=O)Oc2ccc(-c3nnc(*)s3)cc2)c1,55.0,136.5
*/C=C/c1ccc(OC(=O)CCCCCCCCC(=O)Oc2cccc(-c3nnc(*)s3)c2)cc1,37.0,138.5
*/C=C/c1ccc(OC(=O)CCCCCCCCC(=O)Oc2ccc(-c3nnc(*)s3)cc2)cc1,30.0,218.0
*/C=C/c1cccc(OC(=O)CCCCCCCCC(=O)Oc2cccc(-c3nnc(*)s3)c2)c1,41.0,158.0
*CCCCOC(=O)CCSCCCCCCSCCC(=O)O*,-73.0,44.0
*Oc1ccc(OC(=O)c2cccc(C(*)=O)c2)cc1,186.0,410.0
*Oc1ccc(S(=O)(=O)c2ccc(OC(=O)c3cc(CCCCC)cc(C(*)=O)c3)cc2)cc1,170.0,246.0
*CCN(CCOC(=O)c1cccc(C(=O)O*)c1)c1ccccc1,60.0,120.0
*C/C=C/COC(=O)CCCCCCCCC(=O)O*,-41.0,59.0
*O[Sn](CCCC)(CCCC)OC(=O)/C=C/C(*)=O,186.0,286.0
*CC1CC(COC(=O)c2ccc(C(=O)O*)cc2)CC(C(C)(C)C)C1,118.0,197.0
*CCCCCCCCCCOC(=O)c1ccccc1C(=O)O*,-14.0,-26.5
*CCCCOC(=O)/C=C/C(=O)O*,93.0,137.0
*Oc1ccc(-c2ccc(OC(=O)c3ccc(C(*)=O)cc3)cc2)cc1,267.0,543.5
*Oc1ccc(OC(=O)c2ccc(C(*)=O)cc2Oc2ccc3ccccc3c2)cc1,102.0,328.5
*Oc1ccc(OC(=O)c2ccc(C(*)=O)cc2Sc2ccc3ccccc3c2)cc1,148.0,298.0
*Oc1ccc(-c2ccc(OC(=O)c3ccc(C(*)=O)cc3Sc3ccc4ccccc4c3)cc2)cc1,141.0,252.0
*Oc1ccc(OC(=O)c2ccc(C(*)=O)cc2Sc2ccccc2)cc1,181.0,331.0
*Oc1ccc(OC(=O)c2ccc(C(*)=O)cc2Sc2ccc(C)cc2)cc1,134.0,303.0
*Oc1ccc(OC(=O)c2ccc(C(*)=O)cc2Sc2ccc(Cl)cc2)cc1,140.0,308.0
*OC(C)(CC(*)=O)C(F)(F)F,27.0,100.0
*Oc1ccc(OC(=O)c2ccc(C(*)=O)cc2Sc2ccccc2)cc1C,130.0,259.0
*Oc1ccc(OC(=O)c2ccc(C(*)=O)cc2Sc2ccccc2)cc1-c1ccccc1,130.0,149.0
*Oc1ccc(-c2ccc(OC(=O)c3ccc(-c4ccc(C(*)=O)cc4)cc3-c3ccccc3)cc2)cc1,168.0,242.0
*OC(CCCCCCC=C)CC(*)=O,-50.0,35.0
*OC(CCc1ccccc1)CC(*)=O,18.0,69.0
*OC(CCCCC)CC(*)=O,-33.0,62.0
*Oc1ccc2cc(C(*)=O)ccc2c1,147.0,555.0
*Oc1ccc(OC(=O)c2ccc(OC(=O)c3ccc(C(=O)Oc4ccc(C(*)=O)cc4)cc3)cc2)cc1,283.0,392.5
*Oc1ccc(C(*)=O)cc1CCCCC,50.0,275.0
*C(=O)OCCOC(=O)c1ccc(C(=O)OCCOC(=O)N2CCN(*)CC2)cc1,53.0,220.0
*Oc1ccc(OC(=O)c2ccc(C(*)=O)cc2Oc2ccccc2)cc1,105.0,348.0
*Oc1ccc(OC(=O)c2ccc(C(*)=O)cc2Oc2ccc(Cl)cc2)cc1,107.0,306.0
*Oc1ccc(OC(=O)c2ccc(C(*)=O)cc2Oc2ccc(-c3ccccc3)cc2)cc1,117.0,335.0
*Oc1ccc(OC(=O)c2ccc(C(*)=O)cc2Oc2ccc(Br)cc2)cc1,108.0,318.0
*Oc1ccc(OC(=O)c2ccc(C(*)=O)cc2Oc2ccc(F)cc2)cc1,106.0,332.0
*Oc1ccc(OC(=O)c2ccc(C(*)=O)cc2Oc2ccc(C(C)(C)c3ccccc3)cc2)cc1,93.0,312.0
*Oc1ccc(OC(=O)c2ccc(C(*)=O)cc2Oc2ccc(Oc3ccccc3)cc2)cc1,83.0,317.0
*Oc1ccc(OC(=O)c2ccc(C(*)=O)cc2Oc2ccc(C3CCCCC3)cc2)cc1,113.0,368.0
*Oc1ccc(OC(=O)Oc2ccc(C(*)=O)cc2)cc1,74.0,244.5
*Oc1ccc(/C=C2\CC/C(=C\c3ccc(OC(=O)c4ccc(/N=C/c5ccc(/C=N/c6ccc(C(*)=O)cc6)cc5)cc4)cc3)C2=O)cc1,205.0,297.5
*Oc1ccc(/C=C2\CC/C(=C\c3ccc(OC(=O)c4ccc(/N=C/c5ccc(/C=N/c6ccc(C(*)=O)cc6)cc5)cc4)c(OC)c3)C2=O)cc1OC,140.0,210.0
*CCCCCCCCCCOC(=O)CC/C=C/CCC(=O)O*,-15.0,53.0
*CCCCCCCCCCCCCCCCOC(=O)CC/C=C/CCC(=O)O*,-18.0,85.0
*CCCCCCCCCCCCCCCCOC(=O)C/C=C/CC(=O)O*,-22.0,87.0
*CC(CCCCCCOc1ccc(/N=N/c2ccc(C#N)cc2)cc1)COC(=O)CCCCCCCCCCCCC(=O)O*,21.5,58.0
*Oc1cc(C(C)(C)c2ccccc2)c(OC(=O)c2ccc(C(*)=O)cc2)cc1C(C)(C)c1ccccc1,170.0,414.0
*CCCCOC(=O)c1ccc(N/C=N/c2ccc(C(=O)O*)cc2)cc1,91.0,228.0
*Oc1cccc(OC(=O)c2ccc(OC(=O)c3cccc(C(=O)Oc4ccc(C(*)=O)cc4)c3)cc2)c1,158.0,280.5
*C(=O)Oc1ccc(C(=O)Oc2cccc(OC(=O)c3ccc(OC(=O)c4ccc(*)nc4)cc3)c2)cc1,110.0,245.0
*Oc1ccc(OC(=O)c2cc(OCCCc3ccccc3)c(C(*)=O)cc2OCCCc2ccccc2)cc1C,91.0,247.0
*Oc1ccc(-c2ccc(OC(=O)c3cc(OCCCc4ccccc4)c(C(*)=O)cc3OCCCc3ccccc3)cc2)cc1,72.0,257.0
*Oc1ccc(OC(=O)c2cc(OCCCCCCCCCCCC)c(C(*)=O)cc2OCCCCCCCCCCCC)cc1C,112.0,176.0
*Oc1ccc(OC(=O)c2cc(OCCCCCCCCCCCC)c(C(*)=O)cc2OCCCCCCCCCCCC)cc1-c1ccccc1,96.0,123.0
*Oc1ccc(C(c2ccc(OC(=O)c3ccc(C(c4ccc(C(*)=O)cc4)(C(F)(F)F)C(F)(F)F)cc3)cc2)(C(F)(F)F)C(F)(F)F)cc1,135.0,181.0
*/C=C/c1c(OC(=O)c2ccc(C(=O)Oc3ccc4ccccc4c3/C=C/c3cccc(*)n3)cc2)ccc2ccccc12,145.0,230.0
*/C=C/c1c(OC(=O)c2ccc(C(=O)Oc3cccc4ccc(*)nc34)cc2)ccc2ccccc12,175.0,280.0
*/C=C/c1ccc(OC(=O)c2ccc(C(=O)Oc3cccc4ccc(*)nc34)cc2)cc1,112.0,165.0
*CCCCCCCCCOC(=O)c1ccc(-c2ccc(C(=O)O*)cc2)cc1,50.5,154.0
*CCCCCCCCCCCOC(=O)c1ccc(-c2ccc(C(=O)O*)cc2)cc1,49.0,149.0
*CCCCCCCCCCCCOC(=O)c1ccc(-c2ccc(C(=O)O*)cc2)cc1,50.5,161.0
*CCCCCCCCOC(=O)c1ccc2cc(C(=O)O*)ccc2c1,60.0,181.0
*CCCCCCCCCCCCOC(=O)c1ccc2cc(C(=O)O*)ccc2c1,45.0,139.0
*CC(=O)NC(C)C(=O)O*,54.6,235.0
*Oc1ccc(-c2ccc(OC(=O)c3ccc(-c4ccc(C(*)=O)cc4C(F)(F)F)c(C(F)(F)F)c3)cc2C(=O)OCCCCCCCCCCCOc2ccc(-c3ccc(C#N)cc3)cc2)c(C(=O)OCCCCCCCCCCCOc2ccc(-c3ccc(C#N)cc3)cc2)c1,50.0,170.0
*Oc1ccc(CCNC(=O)c2cccc(C(=O)NCCc3ccc(OC(=O)c4cccc(C(*)=O)c4)cc3)c2)cc1,147.0,279.0
*Oc1ccc(CCNC(=O)c2cccc(C(*)=O)c2)cc1,152.0,287.0
*OC(C)C#CC#CC(C)OC(=O)c1ccc(C(*)=O)cc1,133.0,156.0
*Oc1cc(OC(=O)c2ccc(OC)cc2)c(OC(=O)CCCCCCCCCCCCCCC(*)=O)cc1OC(=O)c1ccc(OC)cc1,33.0,152.0
*Oc1cc(OC(=O)c2ccc(OCC)cc2)c(OC(=O)CCCCCCCCCCCCCCC(*)=O)cc1OC(=O)c1ccc(OCC)cc1,31.0,154.0
*Oc1cc(OC(=O)c2ccc(OCCC)cc2)c(OC(=O)CCCCCCCCCCCCCCC(*)=O)cc1OC(=O)c1ccc(OCCC)cc1,18.0,132.0
*Oc1cc(OC(=O)c2ccc(OCCCC)cc2)c(OC(=O)CCCCCCCC(*)=O)cc1OC(=O)c1ccc(OCCCC)cc1,38.0,181.0
*Oc1cc(OC(=O)c2ccc(OCCCC)cc2)c(OC(=O)CCCCCC(*)=O)cc1OC(=O)c1ccc(OCCCC)cc1,45.0,183.0
*Oc1cc(OC(=O)c2ccc(OCCCC)cc2)c(OC(=O)CCCC(*)=O)cc1OC(=O)c1ccc(OCCCC)cc1,59.0,170.0
*Oc1cc(OC(=O)c2ccc(OC)cc2)c(OC(=O)CCCC(*)=O)cc1OC(=O)c1ccc(OC)cc1,88.0,220.0
*Oc1cc(OC(=O)c2ccc(OCC)cc2)c(OC(=O)CCCC(*)=O)cc1OC(=O)c1ccc(OCC)cc1,71.0,227.0
*Oc1cc(OC(=O)c2ccc(OCCC)cc2)c(OC(=O)CCCC(*)=O)cc1OC(=O)c1ccc(OCCC)cc1,72.0,211.0
*Oc1cc(OC(=O)c2ccc(OCCCCC)cc2)c(OC(=O)CCCC(*)=O)cc1OC(=O)c1ccc(OCCCCC)cc1,44.0,141.0
*Oc1cc(OC(=O)c2ccc(OCCCCCCCCCCCC)cc2)c(OC(=O)CCCC(*)=O)cc1OC(=O)c1ccc(OCCCCCCCCCCCC)cc1,23.0,122.0
*Oc1cc(OC(=O)c2ccc(OCC(C)CC)cc2)c(OC(=O)CCCC(*)=O)cc1OC(=O)c1ccc(OCC(C)CC)cc1,60.0,161.0
*Oc1cc(OC(=O)c2ccc(C)cc2)c(OC(=O)CCCCCCCCCCCCCCC(*)=O)cc1OC(=O)c1ccc(C)cc1,27.0,162.0
*CCCCCCOC(=O)c1cc(/N=N/c2ccc(OCC)cc2)ccc1-c1ccc(/N=N/c2ccc(OCC)cc2)cc1C(=O)O*,83.0,193.0
*CCN(CCOC(=O)/C=C/c1ccc(/C=C/C(=O)O*)cc1)c1ccc(/N=N/c2ccc([N+](=O)[O-])cc2)cc1,120.0,190.0
*Oc1cc(OC(=O)c2ccc(C(*)=O)cc2)cc(C(=O)OCCN(CC)c2ccc(/N=N/c3ccc([N+](=O)[O-])cc3)cc2)c1,130.0,240.0
*OC1CCC(OC(=O)c2ccc(C(*)=O)cc2)CC1,94.3,280.5
*OC(CCCCCC)CC(*)=O,-47.0,55.0
*CC(C)COC(=O)c1ccc(C(=O)O*)cc1,55.0,73.0
*CCOC(=O)CCC(=O)OCCOC(=O)c1ccc(C(=O)O*)cc1,24.0,117.5
*CCOC(=O)CCCCC(=O)OCCOC(=O)c1ccc(C(=O)O*)cc1,8.0,70.0
*CCOC(=O)CCCCCCC(=O)OCCOC(=O)c1ccc(C(=O)O*)cc1,-1.0,67.0
*CCOC(=O)CCCCCCCCC(=O)OCCOC(=O)c1ccc(C(=O)O*)cc1,-6.5,65.0
*CCOC(=O)CCCCCCCCCCC(=O)OCCOC(=O)c1ccc(C(=O)O*)cc1,-8.0,62.0
*CCCCOC(=O)CCCCC(=O)OCCCCOC(=O)c1ccc(C(=O)O*)cc1,-20.0,92.5
*CCc1ccc(NC(=O)c2cccc(C(=O)Nc3ccc(CCOC(=O)c4cccc(C(=O)O*)c4)cc3)c2)cc1,142.0,262.0
*Oc1ccc(OC(=O)c2cc(OCCCCCCCCCCC(F)(F)C(F)(F)C(F)(F)C(F)(F)C(F)(F)C(F)(F)C(F)(F)C(F)(F)C(F)(F)C(F)(F)F)cc(C(*)=O)c2)cc1,137.0,48.0
*Oc1cc(OCCOC)c(OC(=O)c2ccc(C(*)=O)cc2OCCOCC)cc1OCCOC,99.0,164.0
*CC(=O)NCC(=O)O*,67.0,199.0
*O[Si](C)(C)CCCC(=O)Oc1ccc(/C=N/c2ccc(/N=C/c3ccc(OC(=O)CCC[Si](*)(C)C)cc3)cc2)cc1,60.0,126.0
*O[Si](C)(C)CCCC(=O)Oc1ccc(/C=N/c2ccc(Cc3ccc(/N=C/c4ccc(OC(=O)CCC[Si](*)(C)C)cc4)cc3)cc2)cc1,68.0,104.0
*Oc1cc(OCCOC)c(OC(=O)c2ccc(C(*)=O)cc2-c2ccccc2)cc1OCCOC,92.0,207.0
*CCOC(=O)c1cc(C(=O)O*)cc(C(C)(C)C)c1,94.0,228.5
*CCCCCCNC(=O)CCCC(=O)O*,-18.0,125.0
*CCCCOC(=O)C(Cc1ccccc1)NC(=O)/C=C/C(=O)NC(Cc1ccccc1)C(=O)O*,103.0,250.0
*CCCCCCOC(=O)C(Cc1ccccc1)NC(=O)/C=C/C(=O)NC(Cc1ccccc1)C(=O)O*,92.0,216.0
*C/C=C/COC(=O)C(Cc1ccccc1)NC(=O)/C=C/C(=O)NC(Cc1ccccc1)C(=O)O*,109.0,223.0
*CCCCCCCCCOC(=O)C(O)C(O)C(=O)O*,-11.0,59.0
*CCCCCCCCCOC(=O)CCC(=O)O*,31.0,57.0
*Oc1ccc(OC(=O)c2ccc(C(*)=O)cc2)cc1-c1cccc(C(F)(F)F)c1,155.8,345.1
*CC(=O)NCCCCCCNC(=O)COC(=O)CCC(=O)O*,30.0,157.0
*CC(=O)NCCCCCCNC(=O)COC(=O)CCCCC(=O)O*,19.0,124.0
*CC(=O)NCCCCCCNC(=O)COC(=O)CCCCCCC(=O)O*,8.0,114.0
*CC(=O)NCCCCCCNC(=O)COC(=O)CCCCCCCCC(=O)O*,2.0,121.0
*CC(=O)NCCCCCCNC(=O)COC(=O)CCCCCCCCCCC(=O)O*,0.9,120.0
*Oc1ccc(OC(=O)c2ccc(C(*)=O)cc2)cc1C(F)(F)F,159.3,348.0
*CC#CCOC(=O)CCCCCCC(=O)O*,-38.0,53.0
*CC#CCOC(=O)CCCCCCCCCCC(=O)O*,-27.0,70.0
*CCC(CC)CC(C)CNC(=O)c1ccc(C(=O)N*)cc1,139.0,200.0
*CCCP(CCCCCCCC)CCCNC(=O)CCCCC(=O)N*,12.0,135.0
*NC1CCC(CC(C)(C)NC(=O)CCCCC(*)=O)CC1,80.0,200.0
*CCCCCCNC(=O)CCc1ccc(C(C)CC(=O)N*)cc1,77.0,227.0
*NC(CCC(=O)OCCCCCCCCCC)C(*)=O,-62.0,-25.4
*Nc1ccc(-c2ccc(NC(=O)c3cccc(C(*)=O)c3)c(O)c2)cc1O,386.0,550.0
*CCCCNC(=O)C(=O)N*,120.0,388.0
*Nc1cccc(CCc2ccc(NC(=O)c3cccc(C(*)=O)c3)cc2)c1,203.0,485.0
*Nc1cccc(CCc2ccc(NC(=O)c3ccc(C(*)=O)cc3)cc2)c1,203.0,415.0
*CCCC(C)CNC(=O)c1ccc(C(=O)N*)cc1,153.0,288.0
*CCCCNC(=O)CC(=O)N*,73.0,276.0
*CCCCCCNC(=O)CC(=O)N*,50.0,248.0
*CCCCCCCCNC(=O)CC(=O)N*,55.0,233.0
*CCCCNC(=O)C(OC)C(OC)C(=O)N*,100.0,266.1
*CCCCCCNC(=O)C(OC)C(OC)C(=O)N*,106.0,230.2
*CCCCCCCCNC(=O)C(OC)C(OC)C(=O)N*,89.0,208.1
*CCCNC(=O)C(OC)C(OC)C(=O)N*,123.0,254.2
*CCCCCNC(=O)C(OC)C(OC)C(=O)N*,113.0,217.0
*CCCCCCCNC(=O)C(OC)C(OC)C(=O)N*,87.0,209.0
*CCCCCCCCCNC(=O)C(OC)C(OC)C(=O)N*,84.0,204.7
*CCCCCCCCCCCCNC(=O)C(OC)C(OC)C(=O)N*,84.0,185.5
*CCCCNC(=O)c1ccc(C(=O)N*)c(Sc2ccccc2)c1,136.0,283.0
*CCCCCCNC(=O)c1ccc(C(=O)N*)c(Sc2ccccc2)c1,121.0,195.0
*CCCCCCCCNC(=O)c1ccc(C(=O)N*)c(Sc2ccccc2)c1,110.0,151.0
*CCCCCCCCCCNC(=O)c1ccc(C(=O)N*)c(Sc2ccccc2)c1,100.0,144.0
*CCCCCCCCCCCCNC(=O)c1ccc(C(=O)N*)c(Sc2ccccc2)c1,92.0,131.0
*CCCCCCNC(=O)c1ccc(C(=O)N*)c(Oc2ccc(F)cc2)c1,113.0,159.0
*CCCCCCNC(=O)c1ccc(C(=O)N*)c(Oc2ccc(Cl)cc2)c1,112.0,204.0
*CCCCCCNC(=O)c1ccc(C(=O)N*)c(Oc2ccc(Br)cc2)c1,116.0,224.0
*NC(CCC(=O)OCc1ccc(F)cc1)C(*)=O,46.9,327.96
*NC(CCC(=O)OCc1ccc(C(F)(F)F)cc1)C(*)=O,26.57,281.6
*CCCCCCNC(=O)CCCCCCCCCCCCCCC(=O)N*,40.0,206.0
*CCCCCCCCNC(=O)CCCCCCCCCCCCCCC(=O)N*,52.0,185.0
*CCCCCCCCCCNC(=O)CCCCCCCCCCCCCCC(=O)N*,45.0,178.0
*CCCCCCCCCCCCNC(=O)CCCCCCCCCCCCCCC(=O)N*,46.0,170.0
*CCCCCCCCCCCCNC(=O)CCCCCCCCCCCCC(=O)N*,49.0,182.0
*CCCCCCCCCCCNC(=O)CCCCCCCCCCCCCCCCCCC(=O)N*,29.0,167.0
*CCCCCCCCCNC(=O)CCCCCCCCCCCCCCCCCCC(=O)N*,42.0,170.0
*CCCCCCCNC(=O)CCCCCCCCCCCCCCCCCCC(=O)N*,46.0,176.0
*CCCCCNC(=O)CCCCCCCCCCCCCCCCCCC(=O)N*,52.0,194.0
*CCCCNC(=O)c1ccc(C(=O)N*)c(Oc2ccccc2)c1,125.0,215.0
*CCCCCCNC(=O)c1ccc(C(=O)N*)c(Oc2ccccc2)c1,108.0,200.0
*CCCCCCCCNC(=O)c1ccc(C(=O)N*)c(Oc2ccccc2)c1,96.0,134.0
*CCCCCCCCCCNC(=O)c1ccc(C(=O)N*)c(Oc2ccccc2)c1,94.0,139.0
*CCCCCCCCCCCCNC(=O)c1ccc(C(=O)N*)c(Oc2ccccc2)c1,75.0,144.0
*CCCCCCNC(=O)c1ccc(C(=O)N*)c(Oc2ccc(-c3ccccc3)cc2)c1,112.0,228.0
*CCCCCCCCCCCNC(=O)CCCCCCCCCCC(=O)N*,39.0,188.0
*CCCCCCN(C)C(=O)CCC(=O)N(*)C,7.5,63.0
*CCCC1(C)CCN(C(=O)CCC(=O)N2CCC(*)(C)CC2)CC1,99.0,215.5
*O[Si](C)(C)CCCNC(=O)C(=O)NCCC[Si](*)(C)C,-46.48,60.0
*C(=O)c1ccc(N(*)CCC)cc1,136.0,319.0
*C(=O)c1ccc(N(*)CCCC)cc1,124.0,281.0
*C(=O)c1ccc(N(*)CCCCC)cc1,83.5,291.0
*Nc1cc(NC(=O)c2ccccc2C(*)=O)cc(-c2nnc(-c3ccccn3)o2)c1,90.0,292.0
*C(=O)Nc1cc(NC(=O)c2cccc(*)n2)cc(-c2nnc(-c3ccccn3)o2)c1,255.0,478.0
*Nc1cc(NC(=O)CCCCC(*)=O)cc(-c2nnc(-c3ccccn3)o2)c1,159.0,373.0
*C(=O)Nc1cc(NC(=O)c2cncc(*)c2)cc(-c2nnc(-c3ccccn3)o2)c1,185.0,305.0
*Nc1cc(NC(=O)c2ccc(-c3ccc(C(*)=O)cc3)cc2)cc(-c2nnc(-c3ccccn3)o2)c1,120.0,285.0
*CCCCCCNC(=O)CCCCCCCC1C(CCCCCCCC(=O)N*)C=CC(CCCCCC)C1CCCCCCCC,-3.0,81.0
*CCCNC(=O)O*,26.0,170.0
*Oc1ccc(/N=C/C=N/c2ccc(OC(=O)Nc3ccc(Cc4ccc(NC(*)=O)cc4)cc3)cc2)cc1,133.0,335.0
*Oc1ccc(/N=C/C=N/c2ccc(OC(=O)Nc3cc(NC(*)=O)ccc3C)cc2)cc1,76.0,327.0
*Oc1ccc(/N=C/C=N/c2ccc(OC(=O)NC3CC(C)(C)CC(C)(CNC(*)=O)C3)cc2)cc1,62.0,371.5
*Oc1ccc(/N=C/C=N/c2ccc(OC(=O)NCCCCCCNC(*)=O)cc2)cc1,80.0,357.5
*Oc1ccc(/N=C/CCC/C=N/c2ccc(OC(=O)Nc3ccc(Cc4ccc(NC(*)=O)cc4)cc3)cc2)cc1,76.0,339.0
*Oc1ccc(/N=C/CCC/C=N/c2ccc(OC(=O)Nc3cc(NC(*)=O)ccc3C)cc2)cc1,69.0,229.0
*Oc1ccc(/N=C/CCC/C=N/c2ccc(OC(=O)NC3CC(C)(C)CC(C)(CNC(*)=O)C3)cc2)cc1,66.0,351.0
*Oc1ccc(/N=C/CCC/C=N/c2ccc(OC(=O)NCCCCCCNC(*)=O)cc2)cc1,72.0,341.5
*CC(C)(COC(=O)NCCCCCCNC(=O)O*)C(=O)O,-26.0,105.0
*Nc1ccccc1CCc1ccc(NC(=O)NCCCCCCNC(*)=O)cc1,150.0,180.0
*NC(=O)NCCCCCCNC(=O)Nc1cccc(*)n1,170.0,230.0
*NC(=O)Nc1ccc(Cc2ccc(NC(=O)Nc3cccc(*)n3)cc2)cc1,206.5,281.5
*C(=O)Nc1ccc(Oc2ccc(NC(=O)c3ccc4c(c3)C(=O)N(c3ccc(Oc5ccc(N6C(=O)c7ccc(*)cc7C6=O)cc5)cc3)C4=O)cc2)cc1,282.0,444.0
*CCCCCCCCCCN1C(=O)c2ccc(Oc3ccc4c(c3)C(=O)N(*)C4=O)cc2C1=O,91.5,175.0
*CCCCCCCCCCCCN1C(=O)c2ccc(Oc3ccc4c(c3)C(=O)N(*)C4=O)cc2C1=O,70.0,160.0
*c1ccc(Oc2cccc(Oc3ccc(N4C(=O)c5ccc(-c6ccc7c(c6)C(=O)N(*)C7=O)cc5C4=O)cc3)c2)cc1,234.0,396.0
*C(=O)Nc1ccc(Oc2ccc(N3C(=O)c4ccc(*)cc4C3=O)cc2)cc1,295.0,431.0
*C1C(=O)N(C(C)(C)C)C(=O)C1*,195.0,400.0
*CCCCN1C(=O)c2ccc(C(=O)Oc3ccc(-c4ccc(OC(=O)c5ccc6c(c5)C(=O)N(*)C6=O)cc4)cc3)cc2C1=O,126.0,394.0
*CCCCCN1C(=O)c2ccc(C(=O)Oc3ccc(-c4ccc(OC(=O)c5ccc6c(c5)C(=O)N(*)C6=O)cc4)cc3)cc2C1=O,147.0,356.0
*CCCCCCN1C(=O)c2ccc(C(=O)Oc3ccc(-c4ccc(OC(=O)c5ccc6c(c5)C(=O)N(*)C6=O)cc4)cc3)cc2C1=O,133.0,361.0
*CCCCCCCN1C(=O)c2ccc(C(=O)Oc3ccc(-c4ccc(OC(=O)c5ccc6c(c5)C(=O)N(*)C6=O)cc4)cc3)cc2C1=O,117.0,290.0
*CCCCCCCCCCCN1C(=O)c2ccc(C(=O)Oc3ccc(-c4ccc(OC(=O)c5ccc6c(c5)C(=O)N(*)C6=O)cc4)cc3)cc2C1=O,97.0,245.0
*CCCC(=O)Oc1ccc(-c2ccc(OC(=O)c3ccc4c(c3)C(=O)N(*)C4=O)cc2)cc1,132.0,348.0
*CCCCC(=O)Oc1ccc(-c2ccc(OC(=O)c3ccc4c(c3)C(=O)N(*)C4=O)cc2)cc1,123.0,372.0
*CCCCCC(=O)Oc1ccc(-c2ccc(OC(=O)c3ccc4c(c3)C(=O)N(*)C4=O)cc2)cc1,118.0,347.5
*CCCCCCC(=O)Oc1ccc(-c2ccc(OC(=O)c3ccc4c(c3)C(=O)N(*)C4=O)cc2)cc1,107.0,304.5
*CCCCCCCCCCC(=O)Oc1ccc(-c2ccc(OC(=O)c3ccc4c(c3)C(=O)N(*)C4=O)cc2)cc1,61.0,277.5
*CCCCCCCCCCCC(=O)Oc1ccc(-c2ccc(OC(=O)c3ccc4c(c3)C(=O)N(*)C4=O)cc2)cc1,60.0,255.0
*CCCCC(=O)Oc1ccc(OC(=O)c2ccc3c(c2)C(=O)N(*)C3=O)cc1,89.315,295.0
*CCCCCC(=O)Oc1ccc(OC(=O)c2ccc3c(c2)C(=O)N(*)C3=O)cc1,89.0,164.5
*CCCCCCC(=O)Oc1ccc(OC(=O)c2ccc3c(c2)C(=O)N(*)C3=O)cc1,74.315,220.9
*CCCCCCCCCCCC(=O)Oc1ccc(OC(=O)c2ccc3c(c2)C(=O)N(*)C3=O)cc1,58.0,172.5
*C(=O)OCCCCOC(=O)c1ccc(N2C(=O)c3ccc(*)cc3C2=O)cc1,100.5,285.0
*C(=O)OCCCCCOC(=O)c1ccc(N2C(=O)c3ccc(*)cc3C2=O)cc1,90.0,151.0
*C(=O)OCCCCCCOC(=O)c1ccc(N2C(=O)c3ccc(*)cc3C2=O)cc1,80.5,223.0
*C(=O)OCCCCCCCOC(=O)c1ccc(N2C(=O)c3ccc(*)cc3C2=O)cc1,77.0,172.0
*C(=O)OCCCCCCCCOC(=O)c1ccc(N2C(=O)c3ccc(*)cc3C2=O)cc1,65.0,198.0
*C(=O)OCCCCCCCCCOC(=O)c1ccc(N2C(=O)c3ccc(*)cc3C2=O)cc1,62.0,162.0
*C(=O)OCCCCCCCCCCOC(=O)c1ccc(N2C(=O)c3ccc(*)cc3C2=O)cc1,58.0,171.0
*C(=O)OCCCCCCCCCCCOC(=O)c1ccc(N2C(=O)c3ccc(*)cc3C2=O)cc1,49.0,157.0
*C(=O)OCCCCCCCCCCCCOC(=O)c1ccc(N2C(=O)c3ccc(*)cc3C2=O)cc1,47.0,163.0
*c1ccc(OCCOc2cccc(N3C(=O)c4ccc(Oc5ccc6c(c5)C(=O)N(*)C6=O)cc4C3=O)c2)cc1,178.5,340.0
*c1ccc(OCCOCCOc2cccc(N3C(=O)c4ccc(Oc5ccc6c(c5)C(=O)N(*)C6=O)cc4C3=O)c2)cc1,146.5,304.0
*c1ccc(OCCOCCOCCOc2cccc(N3C(=O)c4ccc(Oc5ccc6c(c5)C(=O)N(*)C6=O)cc4C3=O)c2)cc1,107.0,261.7
*c1ccc(-c2ccc(N3C(=O)c4ccc(-c5ccc6c(c5)C(=O)N(*)C6=O)cc4C3=O)cc2C(F)(F)F)c(C(F)(F)F)c1,317.5,115.0
*C(=O)c1ccc2c(c1)C(=O)N(c1ccc(OCC(C)(C)COc3ccc(N4C(=O)c5ccc(*)cc5C4=O)cc3)cc1)C2=O,234.0,325.0
*c1ccc(Oc2ccc(-c3ccc(Oc4ccc(N5C(=O)c6ccc(Oc7ccc(Oc8ccc9c(c8)C(=O)N(*)C9=O)cc7)cc6C5=O)cc4)cc3)cc2)cc1,230.0,364.0
*c1ccc(Oc2ccc(Oc3ccc(Oc4ccc(N5C(=O)c6ccc(Oc7ccc(Oc8ccc9c(c8)C(=O)N(*)C9=O)cc7)cc6C5=O)cc4)cc3)cc2)cc1,210.0,291.0
*c1ccc(Oc2ccc(Sc3ccc(Oc4ccc(N5C(=O)c6ccc(Oc7ccc(Oc8ccc9c(c8)C(=O)N(*)C9=O)cc7)cc6C5=O)cc4)cc3)cc2)cc1,201.0,333.0
*c1ccc(Oc2ccc(Oc3ccc(N4C(=O)c5ccc(Oc6ccc(-c7ccc(Oc8ccc9c(c8)C(=O)N(*)C9=O)cc7)cc6)cc5C4=O)cc3)cc2)cc1,222.0,357.0
*c1ccc(Oc2ccc(-c3ccc(Oc4ccc(N5C(=O)c6ccc(Oc7ccc(-c8ccc(Oc9ccc%10c(c9)C(=O)N(*)C%10=O)cc8)cc7)cc6C5=O)cc4)cc3)cc2)cc1,220.0,361.0
*c1ccc(Oc2ccc(Oc3ccc(Oc4ccc(N5C(=O)c6ccc(Oc7ccc(-c8ccc(Oc9ccc%10c(c9)C(=O)N(*)C%10=O)cc8)cc7)cc6C5=O)cc4)cc3)cc2)cc1,208.0,290.0
*c1ccc(Oc2ccc(Sc3ccc(Oc4ccc(N5C(=O)c6ccc(Oc7ccc(-c8ccc(Oc9ccc%10c(c9)C(=O)N(*)C%10=O)cc8)cc7)cc6C5=O)cc4)cc3)cc2)cc1,206.0,334.0
*c1ccc(Oc2ccc(Oc3ccc(N4C(=O)c5ccc(Oc6ccc(Oc7ccc(Oc8ccc9c(c8)C(=O)N(*)C9=O)cc7)cc6)cc5C4=O)cc3)cc2)cc1,203.0,316.0
*c1ccc(Oc2ccc(-c3ccc(Oc4ccc(N5C(=O)c6ccc(Oc7ccc(Oc8ccc(Oc9ccc%10c(c9)C(=O)N(*)C%10=O)cc8)cc7)cc6C5=O)cc4)cc3)cc2)cc1,211.0,334.0
*c1ccc(Oc2ccc(Sc3ccc(Oc4ccc(N5C(=O)c6ccc(Oc7ccc(Oc8ccc(Oc9ccc%10c(c9)C(=O)N(*)C%10=O)cc8)cc7)cc6C5=O)cc4)cc3)cc2)cc1,194.0,296.0
*c1ccc(Oc2ccc(Oc3ccc(N4C(=O)c5ccc(Oc6ccc(Sc7ccc(Oc8ccc9c(c8)C(=O)N(*)C9=O)cc7)cc6)cc5C4=O)cc3)cc2)cc1,201.0,280.0
*c1ccc(Oc2ccc(-c3ccc(Oc4ccc(N5C(=O)c6ccc(Oc7ccc(Sc8ccc(Oc9ccc%10c(c9)C(=O)N(*)C%10=O)cc8)cc7)cc6C5=O)cc4)cc3)cc2)cc1,205.0,325.0
*c1ccc(Oc2ccc(Sc3ccc(Oc4ccc(N5C(=O)c6ccc(Oc7ccc(Sc8ccc(Oc9ccc%10c(c9)C(=O)N(*)C%10=O)cc8)cc7)cc6C5=O)cc4)cc3)cc2)cc1,186.0,328.0
*C(=O)c1ccc2c(c1)C(=O)N(c1ccc(Oc3ccc(C(=O)c4ccc5cc(C(=O)c6ccc(Oc7ccc(N8C(=O)c9ccc(*)cc9C8=O)cc7)cc6)ccc5c4)cc3)cc1)C2=O,246.0,424.0
*C(=O)OCCCSCCCCSCCCOC(=O)c1ccc(N2C(=O)c3ccc(*)cc3C2=O)cc1,39.0,144.0
*C(=O)OCCCSCCCCCCSCCCOC(=O)c1ccc(N2C(=O)c3ccc(*)cc3C2=O)cc1,31.0,92.0
*C(=O)OCCOCCOC(=O)c1ccc(N2C(=O)c3ccc(*)cc3C2=O)cc1,101.0,138.0
*C(=O)OCCOCCOCCOC(=O)c1ccc(N2C(=O)c3ccc(*)cc3C2=O)cc1,63.0,106.0
*C(=O)OCCOCCOCCOCCOC(=O)c1ccc(N2C(=O)c3ccc(*)cc3C2=O)cc1,52.0,101.0
*C(=O)Nc1ccc(Oc2ccc(NC(=O)c3ccc4c(c3)C(=O)N(C3CCC(CC5CCC(N6C(=O)c7ccc(*)cc7C6=O)CC5)CC3)C4=O)cc2)cc1,250.0,411.0
*CCCCCCN1C(=O)c2ccc(C(=O)Nc3ccc(S(=O)(=O)c4ccc(NC(=O)c5ccc6c(c5)C(=O)N(*)C6=O)cc4)cc3)cc2C1=O,198.0,346.0
*CCCCCCN1C(=O)c2ccc(C(=O)Nc3ccc(S(=O)(=O)c4cccc(NC(=O)c5ccc6c(c5)C(=O)N(*)C6=O)c4)cc3)cc2C1=O,190.0,336.0
*CCCCCCOC(=O)CCCCCCCCCCCCCCCCCCC(=O)OCCCCCCN1C(=O)c2ccc(S(=O)(=O)c3ccc4c(c3)C(=O)N(*)C4=O)cc2C1=O,19.0,148.0
*CCCCCC(=O)Oc1ccc(OC(=O)CCCCCn2c(=O)c3cc4c(=O)n(*)c(=O)c4cc3c2=O)c(C)c1,78.0,214.0
*CCCCCC(=O)Oc1ccc(OC(=O)CCCCCn2c(=O)c3cc4c(=O)n(*)c(=O)c4cc3c2=O)c(Cl)c1,87.0,225.0
*CCCCCC(=O)Oc1ccc(Oc2ccc(OC(=O)CCCCCn3c(=O)c4cc5c(=O)n(*)c(=O)c5cc4c3=O)cc2)cc1,91.0,238.0
*CCCCCCCCCCC(=O)Oc1ccc2cc(OC(=O)CCCCCCCCCCn3c(=O)c4cc5c(=O)n(*)c(=O)c5cc4c3=O)ccc2c1,66.0,219.0
*CCCCCCCCCCCC(=O)Oc1ccc2cc(OC(=O)CCCCCCCCCCCn3c(=O)c4cc5c(=O)n(*)c(=O)c5cc4c3=O)ccc2c1,62.0,211.0
*CCCCCCOC(=O)OCCCCCCOC(=O)OCCCCCCn1c(=O)c2cc3c(=O)n(*)c(=O)c3cc2c1=O,17.0,189.0
*CCCCCCOC(=O)OCCCCCCCCOC(=O)OCCCCCCn1c(=O)c2cc3c(=O)n(*)c(=O)c3cc2c1=O,8.0,188.0
*CCCCCCOC(=O)OCCCCCCCCCCOC(=O)OCCCCCCn1c(=O)c2cc3c(=O)n(*)c(=O)c3cc2c1=O,-2.0,187.0
*CCCCCCOC(=O)OCCCCCCCCCCCCOC(=O)OCCCCCCn1c(=O)c2cc3c(=O)n(*)c(=O)c3cc2c1=O,-9.0,187.0
*CCCOC(=O)OCCCCCCOC(=O)OCCCn1c(=O)c2cc3c(=O)n(*)c(=O)c3cc2c1=O,36.0,261.0
*CCCCOC(=O)OCCCCCCOC(=O)OCCCCn1c(=O)c2cc3c(=O)n(*)c(=O)c3cc2c1=O,37.0,200.0
*CCOCCOCCN1C(=O)c2ccc(C(=O)Oc3ccc(OC(=O)c4ccc5c(c4)C(=O)N(*)C5=O)cc3)cc2C1=O,105.0,292.0
*CCOCCOCCN1C(=O)c2ccc(C(=O)Oc3ccc4cc(OC(=O)c5ccc6c(c5)C(=O)N(*)C6=O)ccc4c3)cc2C1=O,105.0,307.5
*CCOCCOCCN1C(=O)c2ccc(C(=O)Oc3ccc(-c4ccc(OC(=O)c5ccc6c(c5)C(=O)N(*)C6=O)cc4)cc3)cc2C1=O,109.0,309.5
*CCCOCCCCOCCCN1C(=O)c2ccc(C(=O)Oc3ccc(OC(=O)c4ccc5c(c4)C(=O)N(*)C5=O)cc3)cc2C1=O,56.0,184.0
*CCCOCCCCOCCCN1C(=O)c2ccc(C(=O)Oc3ccc4cc(OC(=O)c5ccc6c(c5)C(=O)N(*)C6=O)ccc4c3)cc2C1=O,68.0,200.0
*CCCOCCCCOCCCN1C(=O)c2ccc(C(=O)Oc3ccc(-c4ccc(OC(=O)c5ccc6c(c5)C(=O)N(*)C6=O)cc4)cc3)cc2C1=O,70.0,236.0
*C(=O)c1ccc2c(c1)C(=O)N(c1ccc(N3C(=O)c4ccc(*)cc4C3=O)c(S(=O)(=O)O[Na])c1)C2=O,214.0,369.0
*CCCCCCOC(=O)c1cc(OCCCCCCOc2ccc(/N=N/c3ccc(C#N)cc3)cc2)cc(C(=O)OCCCCCCn2c(=O)c3cc4c(=O)n(*)c(=O)c4cc3c2=O)c1,46.0,143.0
*CCCCCCOC(=O)c1cc(OCCCCCCOc2ccc(/N=N/c3ccc(C#N)cc3)cc2)cc(C(=O)OCCCCCCN2C(=O)c3ccc(-c4ccc(-c5ccc6c(c5)C(=O)N(*)C6=O)cc4)cc3C2=O)c1,67.0,120.0
*C(=O)Nc1ccc(Oc2ccc(Oc3ccc(N4C(=O)c5ccc(*)cc5C4=O)cc3)cc2)cc1,250.0,441.0
*CCCC(C)CN1C(=O)c2ccc(C(=O)Oc3ccc4cc(OC(=O)c5ccc6c(c5)C(=O)N(*)C6=O)ccc4c3)cc2C1=O,130.0,285.0
*CCCC(C)CN1C(=O)c2ccc(C(=O)Oc3ccc(-c4ccc(OC(=O)c5ccc6c(c5)C(=O)N(*)C6=O)cc4)cc3)cc2C1=O,155.0,370.0
*CCCCCCN1C(=O)C(=O)N(*)C1=O,55.0,95.5
*C(=O)OCCOC(=O)c1ccc(N2C(=O)c3ccc(*)cc3C2=O)cc1,280.0,360.0
*C(=O)OCCOC(=O)c1cccc(N2C(=O)c3ccc(*)cc3C2=O)c1,220.0,340.0
*c1ccc(Oc2ccc(-n3c(=O)c4c(Oc5ccc(OCCCCCCCC)cc5)c5c(=O)n(*)c(=O)c5c(Oc5ccc(OCCCCCCCC)cc5)c4c3=O)cc2)cc1,234.5,345.0
*c1ccc(Oc2ccc(-n3c(=O)c4c(Oc5ccc(OCCCCCCCCCCCC)cc5)c5c(=O)n(*)c(=O)c5c(Oc5ccc(OCCCCCCCCCCCC)cc5)c4c3=O)cc2)cc1,218.0,345.0
*C(=O)OCCCCCCCCCCCCCCCCCCCCCCOC(=O)c1ccc(N2C(=O)c3ccc(*)cc3C2=O)cc1,44.0,148.0
*C(=O)Oc1ccc(OCCCCCCCCCCCCOc2ccc(OC(=O)c3ccc4c(c3)C(=O)N(c3ccc(Cc5ccc(N6C(=O)c7ccc(*)cc7C6=O)cc5)cc3)C4=O)cc2)cc1,125.0,245.0
*c1ccc(Oc2ccc(C(C)(C)c3cccc(C(C)(C)c4ccc(Oc5ccc(-n6c(=O)c7cc8c(=O)n(*)c(=O)c8cc7c6=O)cc5)cc4)c3)cc2)cc1,249.47,275.73
*c1ccc(OC(=O)CCCCCCCCCCCCCCCCCCCCC(=O)Oc2ccc(N3C(=O)c4ccc(-c5ccc6c(c5)C(=O)N(*)C6=O)cc4C3=O)cc2)cc1,140.0,280.0
*C1C(=O)N(CCOc2ccc(-c3ccc(C#N)cc3)cc2)C(=O)C1*,150.0,240.0
*CCCCOC(=O)OCCCCN1C(=O)c2ccc(-c3ccc4c(c3)C(=O)N(*)C4=O)cc2C1=O,104.0,139.0
*CCCCCOC(=O)OCCCCCN1C(=O)c2ccc(-c3ccc4c(c3)C(=O)N(*)C4=O)cc2C1=O,84.0,130.0
*CCCCCCOC(=O)OCCCCCCN1C(=O)c2ccc(-c3ccc4c(c3)C(=O)N(*)C4=O)cc2C1=O,71.0,176.0
*CCCCCOC(=O)OCCCCCN1C(=O)c2ccc(C(=O)c3ccc4c(c3)C(=O)N(*)C4=O)cc2C1=O,77.0,131.0
*CCCCCCOC(=O)OCCCCCCN1C(=O)c2ccc(C(=O)c3ccc4c(c3)C(=O)N(*)C4=O)cc2C1=O,76.0,146.0
*CCCCCCOC(=O)OCCCCCCN1C(=O)c2ccc(-c3ccc(-c4ccc5c(c4)C(=O)N(*)C5=O)cc3)cc2C1=O,73.0,184.0
*c1ccc(Oc2ccc3c(c2)C(=O)N(*)C3=O)cc1,266.0,517.0
*c1ccc(-c2ccc(-c3ccc(-c4ccc(-c5ccc6c(c5)C(=O)N(c5ccc(Oc7ccc(N8C(=O)c9ccc(*)cc9C8=O)cc7)cc5)C6=O)cc4)cc3)cc2)cc1,244.0,470.0
*c1ccc(Cc2ccc(N3C(=O)c4ccc(-c5ccc(-c6ccc(-c7ccc(-c8ccc(-c9ccc%10c(c9)C(=O)N(*)C%10=O)cc8)cc7)cc6)cc5)cc4C3=O)cc2)cc1,244.0,470.0
*c1ccc(-c2ccc(-c3ccc(-c4ccc(-c5ccc6c(c5)C(=O)N(c5cccc(N7C(=O)c8ccc(*)cc8C7=O)c5)C6=O)cc4)cc3)cc2)cc1,237.0,425.0
*CCCCCOC(=O)CCCCCCCCCCN1C(=O)c2ccc(-c3ccc(-c4ccc5c(c4)C(=O)N(CCCCCCCCCCC(=O)OCCCCCN4C(=O)c6ccc(-c7ccc8c(c7)C(=O)N(*)C8=O)cc6C4=O)C5=O)cc3)cc2C1=O,41.0,140.0
*c1ccc(Oc2ccc(Oc3ccc(N4C(=O)c5ccc(-c6ccc7c(c6)C(=O)N(*)C7=O)cc5C4=O)cc3)cc2)cc1,265.0,467.37
*c1ccc(Oc2ccc(Oc3ccc(Oc4ccc(N5C(=O)c6ccc(-c7ccc8c(c7)C(=O)N(*)C8=O)cc6C5=O)cc4)cc3)cc2)cc1,228.51,386.18
*c1ccc(Oc2ccc(-c3ccc(Oc4ccc(N5C(=O)c6ccc(Oc7cccc(Oc8ccc9c(c8)C(=O)N(*)C9=O)c7)cc6C5=O)cc4)cc3)cc2)cc1,200.0,317.0
*c1ccc(Oc2ccc(-c3ccc(Oc4ccc(N5C(=O)c6ccc(Oc7ccc8c(c7)C(=O)N(*)C8=O)cc6C5=O)cc4)cc3)cc2)cc1,245.0,380.0
*C(=O)c1ccc2c(c1)C(=O)N(c1ccc(-c3ccc(N4C(=O)c5ccc(*)cc5C4=O)c(OCCCCCCOc4ccc(/C=C/c5ccc(F)cc5)cc4)c3)cc1OCCCCCCOc1ccc(/C=C/c3ccc(F)cc3)cc1)C2=O,128.0,257.0
*c1ccc(-c2ccc(N3C(=O)c4ccc(Oc5ccc6c(c5)C(=O)N(*)C6=O)cc4C3=O)c(OCCCCCCOc3ccc(/C=C/c4ccc(F)cc4)cc3)c2)cc1OCCCCCCOc1ccc(/C=C/c2ccc(F)cc2)cc1,124.0,278.0
*C(=O)Nc1ccc(Oc2ccccc2-c2ccccc2Oc2ccc(NC(=O)c3ccc4c(c3)C(=O)N(c3ccc(Oc5ccc(Oc6ccc(N7C(=O)c8ccc(*)cc8C7=O)cc6)cc5)cc3)C4=O)cc2)cc1,238.0,363.0
*C(=O)Nc1ccc(Oc2ccccc2-c2ccccc2Oc2ccc(NC(=O)c3ccc4c(c3)C(=O)N(c3ccc(Oc5cccc(Oc6ccc(N7C(=O)c8ccc(*)cc8C7=O)cc6)c5)cc3)C4=O)cc2)cc1,229.0,317.0
*C(=O)Nc1ccc(Oc2ccccc2-c2ccccc2Oc2ccc(NC(=O)c3ccc4c(c3)C(=O)N(c3ccc(Oc5ccccc5-c5ccccc5Oc5ccc(N6C(=O)c7ccc(*)cc7C6=O)cc5)cc3)C4=O)cc2)cc1,227.0,338.0
*C(=O)Nc1ccc(Oc2ccc(-c3ccc(Oc4ccc(NC(=O)c5ccc6c(c5)C(=O)N(c5ccc(Oc7ccccc7-c7ccccc7Oc7ccc(N8C(=O)c9ccc(*)cc9C8=O)cc7)cc5)C6=O)cc4)cc3)cc2)cc1,254.0,401.0
*C(=O)Nc1ccc(Oc2ccccc2-c2ccccc2Oc2ccc(NC(=O)c3ccc4c(c3)C(=O)N(c3ccc(Oc5ccc(-c6ccc(Oc7ccc(N8C(=O)c9ccc(*)cc9C8=O)cc7)cc6)cc5)cc3)C4=O)cc2)cc1,239.0,382.0
*C(=O)Nc1ccc(Oc2ccc(-c3ccc(Oc4ccc(NC(=O)c5ccc6c(c5)C(=O)N(c5ccc(Oc7ccc(C(C)(C)c8ccc(Oc9ccc(N%10C(=O)c%11ccc(*)cc%11C%10=O)cc9)cc8)cc7)cc5)C6=O)cc4)cc3)cc2)cc1,283.0,349.0
*C(=O)Nc1ccc(Oc2ccc(-c3ccc(Oc4ccc(NC(=O)c5ccc6c(c5)C(=O)N(c5ccc(Oc7ccc(S(=O)(=O)c8ccc(Oc9ccc(N%10C(=O)c%11ccc(*)cc%11C%10=O)cc9)cc8)cc7)cc5)C6=O)cc4)cc3)cc2)cc1,267.0,381.0
*CCC1C(=O)N(CCCCCCCCCCCC)C(=O)C1*,55.4,84.95
*CCC1C(=O)N(CCCCCCCCCCCCCC)C(=O)C1*,62.4,44.2
*CCC1C(=O)N(CCCCCCCCCCCCCCCC)C(=O)C1*,65.6,58.9
*CCC1C(=O)N(CCCCCCCCCCCCCCCCCC)C(=O)C1*,67.1,66.5
*CCC1C(=O)N(CCCCNC(=O)C(F)(F)C(F)(F)C(F)(F)C(F)(F)C(F)(F)C(F)(F)C(F)(F)F)C(=O)C1*,100.0,163.0
*CC(CCCCCCCCCCCCCCCC)C1C(=O)N(CCCCNC(=O)C(F)(F)C(F)(F)C(F)(F)C(F)(F)C(F)(F)C(F)(F)C(F)(F)F)C(=O)C1*,63.0,-22.0
*CC(CCCCCCCCCCCCCCCC)C1C(=O)N(CCCCCCCCCCCC)C(=O)C1*,30.0,-22.0
*c1ccc(C(=O)NC(CC)COC(=O)c2ccc(N3C(=O)CC(SCCCCCSC4CC(=O)N(*)C4=O)C3=O)cc2)cc1,91.0,158.0
*CC(C)N1C(=O)C2C3C=CC(C4C(=O)N(*)C(=O)C34)C2C1=O,212.0,356.0
*CCCN1C(=O)C2C3C=CC(C4C(=O)N(*)C(=O)C34)C2C1=O,210.0,380.0
*CCCCN1C(=O)C2C3C=CC(C4C(=O)N(*)C(=O)C34)C2C1=O,211.0,380.0
*CCCCCCCCCCN1C(=O)C2C3C=CC(C4C(=O)N(*)C(=O)C34)C2C1=O,219.0,380.0
*C(CC)COC(=O)NCCCCCCNC(=O)OCC(CC)n1c(=O)c2cc3c(=O)n(*)c(=O)c3cc2c1=O,61.0,218.0
*C(=O)Nc1cc(NC(=O)c2ccc3c(c2)C(=O)N(c2cc(-c4nnc(-c5ccccn5)o4)cc(N4C(=O)c5ccc(*)cc5C4=O)c2)C3=O)cc(-c2nnc(-c3ccccn3)o2)c1,164.0,298.0
*C(=O)Nc1cccc(S(=O)(=O)c2cccc(NC(=O)c3ccc4c(c3)C(=O)N(c3cc(-c5nnc(-c6ccccn6)o5)cc(N5C(=O)c6ccc(*)cc6C5=O)c3)C4=O)c2)c1,173.0,343.0
*CC(c1ccccc1)C1C(=O)OC(=O)C1*,212.0,330.3
*OC(C)COC(*)=O,34.6,103.03
*OC1CCC(OC(=O)OCCCCOC(*)=O)CC1,30.0,205.0
*CCCOC(=O)O*,-17.7,40.0
*OC1CCC(OC(=O)OCCCCCOC(*)=O)CC1,-5.0,170.0
*OC1CCC(OC(=O)OCCCCCCOC(*)=O)CC1,10.0,175.0
*OC1CCC(OC(=O)OCCCCCCCOC(*)=O)CC1,-5.0,165.0
*CC(C)(C)COC(=O)O*,25.0,106.5
*OC(COC(*)=O)COC(C)(C)C,18.0,141.0
*c1cnc(C2C(c3ccccc3)C(*)C2c2ccccc2)cn1,150.0,330.0
*N=P(*)(Oc1cccc(Cl)c1)Oc1cccc(Cl)c1,-24.0,370.0
*N=P(*)(Oc1ccc(CC)cc1)Oc1ccc(CC)cc1,-12.5,43.0
*c1ccc(-c2ccc(-c3cc(-c4ccccc4)c4cc5c(-c6ccccc6)cc(*)nc5cc4n3)cc2)cc1,392.0,513.0
*c1ccc(-c2ccc(-c3cc(-c4ccccc4)c4cc5nc(*)cc(-c6ccccc6)c5cc4n3)cc2)cc1,383.0,498.0
*c1ccc(*)[nH]1,103.0,270.0
*N=P(*)(OCCOCCOCCOCCOCCOC)OCCOCCOCCOCCOCCOC,-79.0,-30.0
*N=P(*)(OCCOCCOCCOCCOCCOCCOC)OCCOCCOCCOCCOCCOCCOC,-76.0,-25.0
*Nc1ccc(*)cc1,75.3,131.1
*Nc1ccc(*)cc1C,-71.4,64.38
*c1ccc2[nH]c(*)nc2c1,398.0,450.0
*Nc1ccc(*)cc1OC,90.0,46.56
*N(C)[Si](*)(C)C=C,-20.0,136.0
*N(C)[Si](*)(C)C,-20.0,226.0
*N(C)[Si](C)(C=C)N(C)[Si](*)(C)C,-42.0,150.0
*N=P(*)(OCCOCCOCCOCCOCCCCCCCCCCCC)OCCOCCOCCOCCOCCCCCCCCCCCC,-53.6,-1.1
*N=P(*)(NCCCC)NCCCC,27.0,130.0
*N=P(*)(Oc1ccc(Cc2ccccc2)cc1)Oc1ccc(Cc2ccccc2)cc1,13.3,88.2
*CCN(*)C(=O)C12CC3CC(CC(C3)C1)C2,123.0,269.0
*CCN(*)C(=O)CC12CC3CC(CC(C3)C1)C2,139.0,316.0
*N=P(*)(Oc1ccc(Br)cc1)Oc1ccc(Br)cc1,20.65,420.0
*c1ccc(-c2ccc(-c3cc(-c4ccccc4)c4cc(-c5ccc6nc(*)cc(-c7ccccc7)c6c5)ccc4n3)cc2)cc1,360.0,502.0
*N=P(*)(OCCOc1ccc(/N=N/c2ccc(CCCC)cc2)cc1)OCCOc1ccc(/N=N/c2ccc(CCCC)cc2)cc1,80.0,177.0
*N=P(*)(Oc1cccc(F)c1)Oc1cccc(F)c1,-38.0,260.0
*N=P(*)(Oc1cccc(Br)c1)Oc1cccc(Br)c1,-2.5,320.0
*c1ccc(-c2ccc3nc(*)cc(-c4ccccc4)c3c2)cc1,383.0,580.0
*c1ccc(-c2c(-c3ccccc3)nc3ccc(-c4ccc5nc(-c6ccccc6)c(*)c(-c6ccccc6)c5c4)cc3c2-c2ccccc2)cc1,370.0,550.0
*c1ccc(-c2ccc(-c3c(-c4ccccc4)nc4ccc(-c5ccc6nc(-c7ccccc7)c(*)c(-c7ccccc7)c6c5)cc4c3-c3ccccc3)cc2)cc1,405.0,530.0
*c1ccc(-c2ccc(-c3ccc(-c4cc(-c5ccccc5)c5cc(-c6ccc7nc(*)cc(-c8ccccc8)c7c6)ccc5n4)cc3)cc2)cc1,360.0,504.0
*c1ccc(-c2nc3ccc(-c4ccc5nc(*)c(-c6ccccc6)c(-c6ccccc6)c5c4)cc3c(-c3ccccc3)c2-c2ccccc2)cc1,400.0,555.0
*c1ccc(-c2ccc(-c3cc(-c4ccc(-c5ccc(Oc6ccccc6)cc5)cc4)c4cc(-c5ccc6nc(*)cc(-c7ccc(-c8ccc(Oc9ccccc9)cc8)cc7)c6c5)ccc4n3)cc2)cc1,374.0,505.0
*c1ccc(-c2ccc(-c3cc(-c4ccc(Oc5ccc(-c6ccccc6)cc5)cc4)c4cc(-c5ccc6nc(*)cc(-c7ccc(Oc8ccc(-c9ccccc9)cc8)cc7)c6c5)ccc4n3)cc2)cc1,364.0,417.0
*c1ccc(-c2ccc(-c3cc(-c4ccc(Oc5ccc(Oc6ccccc6)cc5)cc4)c4cc(-c5ccc6nc(*)cc(-c7ccc(Oc8ccc(Oc9ccccc9)cc8)cc7)c6c5)ccc4n3)cc2)cc1,355.0,471.0
*=CNc1ccc(Cc2ccc(N=*)cc2)cc1,95.5,319.0
*=CNc1ccc(CCc2ccc(N=*)cc2)cc1,125.0,265.0
*N=P(*)(Oc1ccc(I)cc1)Oc1ccc(I)cc1,43.1,196.7
*N=P(*)(Oc1ccc2cc(I)ccc2c1)Oc1ccc2cc(I)ccc2c1,90.3,211.7
*N=P(*)(OCCOc1ccc(-c2ccccc2)cc1)OCCOc1ccc(-c2ccccc2)cc1,56.2,120.75
*N=P(*)(OCCOc1ccc(-c2ccc(Br)cc2)cc1)OCCOc1ccc(-c2ccc(Br)cc2)cc1,89.7,171.85
*N=P(*)(OCCOc1ccc(-c2ccc(I)cc2)cc1)OCCOc1ccc(-c2ccc(I)cc2)cc1,111.4,207.05
*c1ccc(N/C=N/c2ccc(S(*)(=O)=O)cc2)cc1,163.0,261.0
*=Nc1ccc(Cc2ccc(NC(=*)C)cc2)cc1,142.0,205.0
*CCCCCCCCCCN/C(C)=N/*,80.0,60.0
*CCCCCCCCCC[N+](*)(C)C,65.9,206.5
*Cc1ccc(C[n+]2ccc(-c3cc[n+](*)cc3)cc2)cc1,95.0,155.0
*Cc1cccc(C[n+]2ccc(-c3cc[n+](*)cc3)cc2)c1,128.0,133.5
*Cc1ccccc1C[n+]1ccc(-c2cc[n+](*)cc2)cc1,70.5,131.0
*c1[nH]c2ccccc2c1*,137.0,273.0
*CCCCCCN(C)c1ccc(C(=O)c2ccc(N(*)C)cc2)cc1,75.5,127.0
*CCCN(C)c1ccc(C(=O)c2ccc(N(*)C)cc2)cc1,101.0,127.0
*CCCCCCCCN(C)c1ccc(C(=O)c2ccc(N(*)C)cc2)cc1,50.0,88.0
*CC(CC)N(*)C(=O)CCCC,52.0,208.0
*O[Si](*)(C)CCCC(=O)O,-29.0,66.0
*O[Si](C)(C)c1ccc([Si](C)(C)Oc2c(C)cc(-c3cc(C)c(*)c(C)c3)cc2C)cc1,67.0,108.0
*O[Si](C)(C)[Si](*)(C)C,-119.0,52.0
*C[Si](C)(C)[Si](C)(C)[Si](C)(C)[Si](*)(C)C,-68.0,37.0
*O[Si](C)(C)c1ccc([Si](C)(C)O[SiH](*)CCC(F)(F)F)cc1,-37.0,33.0
*O[Si](C)(CCC(F)(F)C(F)(F)C(F)(F)C(F)(F)C(F)(F)C(F)(F)F)O[Si](C)(C)c1ccc([Si](*)(C)C)cc1,-55.0,39.0
*[Si](*)(C)c1ccccc1,88.0,60.0
*Cc1ccccc1[Si](*)(C)C,48.0,204.0
*Cc1ccccc1C[Si](*)(C)C,75.0,165.0
*C/C=C/C[Si](*)(c1ccccc1)c1ccccc1,34.9,136.0
*O[Si](C)(C)O[Si](*)(C)CCCCOc1ccc(-c2ccc(C#N)cc2)cc1,-5.5,35.0
*O[Si](C)(C)C#C[Si](C)(C)C#C[Si](C)(C)C#C[Si](C)(C)C#C[Si](C)(C)C#C[Si](C)(C)C#C[Si](*)(C)C,-12.6,40.0
*O[Si](C)(C)C#C[Si](C)(C)C#C[Si](C)(C)C#C[Si](C)(C)C#C[Si](C)(C)C#C[Si](*)(C)C,-16.1,12.0
*O[Si](*)(C)CCCOc1ccc(C(=O)Oc2ccc(OC)cc2)cc1,37.0,18.0
*O[Si](C)(C)O[Si](C)(C)O[SiH](*)O[Si](C)(C)C=C,-68.0,-62.5
*O[Si](*)(C)CCCCCCCCCCCOc1ccc(/C=C/c2ccc(OCCCC)cc2)cc1,-33.0,178.0
*O[Si](*)(C)CCCCCCCCCCCOc1ccc(/C=C/c2ccc(OC)cc2)cc1,55.0,162.0
*O[Si](*)(C)CCCCCCCCCCCOc1ccc(/C=C/c2ccc(C#N)cc2)cc1,-55.0,59.0
*O[Si](*)(C)CCCCCOc1ccc(/C=C/c2ccc(OC)cc2)cc1,52.0,210.0
*O[Si](*)(C)CCCOc1ccc(C(=O)OC2CCC3(C)C(=CCC4C3CCC3(C)C(C(C)CCCC(C)C)CCC43)C2)cc1,61.1,110.1
*O[Si](*)(C)CCCCCCCCCCC(=O)Oc1ccc(-c2ccc(OC(=O)c3ccc(OCC)cc3)cc2)cc1,103.4,127.8
*O[Si](c1ccccc1)(c1ccccc1)c1ccc([Si](*)(c2ccccc2)c2ccccc2)cc1,130.0,323.0
*O[Si](c1ccccc1)(c1ccccc1)c1ccc(-c2ccc([Si](*)(c3ccccc3)c3ccccc3)cc2)cc1,94.0,391.0
*O[Si](*)(C)CCCCCCCCCCCOc1ccc(C(=O)OC/C=C(\C)CCC=C(C)C)cc1,25.0,72.0
*O[Si](C)(C)c1cccc2c([Si](*)(C)C)cccc12,62.0,225.0
*O[Si](C)(C)c1ccc2cc([Si](*)(C)C)ccc2c1,29.0,156.0
*O[Si](*)(C)CCCCCCCCCCC(=O)Oc1ccc(-c2ccc(OC(=O)c3ccc(OCCCCCCC)cc3)cc2)cc1,61.1,107.3
*O[Si](C)(C)c1cc(OCCOCc2ccccc2)c([Si](*)(C)C)cc1OCCOCc1ccccc1,76.0,108.0
*C#Cc1cccc(C#C[Si](*)(C)C)c1,50.0,118.0
*O[Si](C)(C)c1ccc2ccc3c([Si](*)(C)C)ccc4ccc1c2c43,65.0,132.0
*N=P(*)(CCC)CCC,10.0,220.0
*CC(=O)C(*)c1ccccc1,110.0,290.0
*CC(=O)C(*)C,23.0,235.25
*c1ccc(C(=O)c2ccc(C(=O)c3ccc(S(*)(=O)=O)cc3)cc2)cc1,213.5,415.0
*c1ccc(C(=O)c2cccc(C(=O)c3ccc(S(*)(=O)=O)cc3)c2)cc1,198.0,452.0
*OS(=O)(=O)c1cc(C)c(*)c(C)c1,153.0,250.0
*c1cccc(S(=O)(=O)NCCNS(*)(=O)=O)c1,107.0,216.0
*c1cccc(S(=O)(=O)NCCCCCCNS(*)(=O)=O)c1,67.0,185.0
*c1cccc(S(=O)(=O)NCCCNS(*)(=O)=O)c1,92.0,157.0
*c1cccc(S(=O)(=O)NCCCCNS(*)(=O)=O)c1,82.0,215.0
*c1cccc(S(=O)(=O)NCCCCCNS(*)(=O)=O)c1,74.0,160.0
*/C=C/c1cc(OCCCCCCC)c(/C=C/c2ccc(*)cc2)cc1OCCCCCCC,46.0,111.4
*/C=C/c1cc(OCCCCCCCCC)c(/C=C/c2ccc(*)cc2)cc1OCCCCCCCCC,44.0,102.0
*/C=C/c1cc(OCCCCCCCCCCCC)c(/C=C/c2ccc(*)cc2)cc1OCCCCCCCCCCCC,38.0,152.0
*/C=C/c1cc(OCCCCCCCCCCCCCCCC)c(/C=C/c2ccc(*)cc2)cc1OCCCCCCCCCCCCCCCC,33.0,109.0
*/C=C/c1cc(OCCc2ccccc2)c(*)cc1OC,121.0,280.5
*CC(*)(F)C(=O)OCC(F)(F)F,124.0,214.0
*CC(*)(F)C(=O)OCC(F)(F)C(F)(F)F,99.0,220.0
*CC(*)(F)C(=O)OCC(F)(F)C(F)F,90.5,176.0
*CC(*)(F)C(=O)OCC(F)(F)C(F)(F)C(F)(F)C(F)F,60.0,141.0
*CC(*)(F)C(=O)OCCC(F)(F)C(F)(F)C(F)(F)C(F)(F)C(F)(F)C(F)(F)C(F)(F)C(F)(F)F,87.5,126.0
*CC(*)(F)C(=O)OCC(F)(F)C(F)(F)C(F)(F)F,75.0,187.0
*CC(*)(F)C(=O)OCC(F)(F)C(F)(F)C(F)(F)C(F)(F)F,63.0,171.0
*CC(*)(F)C(=O)OCCC(F)(F)C(F)(F)C(F)(F)C(F)(F)F,6.0,91.0
*CC(*)(F)C(=O)OCCC(F)(F)C(F)(F)C(F)(F)C(F)(F)C(F)(F)C(F)(F)F,53.0,104.0
*CC(*)(F)C(=O)OCCC(F)(F)C(F)(F)C(F)(F)C(F)(F)C(F)(F)C(F)(F)C(F)(F)C(F)(F)C(F)(F)C(F)(F)F,53.0,157.0
